time,u,x_true,c_true,y
0.0,0.5,0.0,1.0,0.004967141530112327
0.01,0.5025132079766705,0.0005,1.0,-0.0008826430117118466
0.02,0.5050260190886675,0.0010020132079766706,1.0,0.007478898588983596
0.03,0.5075380365339869,0.0015060372138573615,1.0,0.016736335777937615
0.04,0.5100488636359539,0.0020120692131774913,1.0,-0.00032946453405586834
0.05,0.5125581039058626,0.002520106007600268,1.0,0.00017873643810846235
0.06,0.5150653611055865,0.0030301440054985303,1.0,0.018822272160572445
0.07,0.5175702393101487,0.0035421792225986183,1.0,0.011216526514127707
0.08,0.520072342970243,0.004056207282686169,1.0,-0.0006385365766633528
0.09,0.5225712769746963,0.004572223418373726,1.0,0.009997823854233373
0.1,0.5250666467128609,0.005090222471930048,1.0,0.0004560455438054256
0.11,0.5275580581369276,0.005610198896170979,1.0,0.0009529013604684103
0.12,0.5300451178241514,0.0061321467554117355,1.0,0.008551769471072076
0.13,0.5325274330389768,0.006656059726480475,1.0,-0.012476742720097505
0.14,0.5350046117950552,0.0071819310997929715,1.0,-0.010067247225337358
0.15,0.5374762629171449,0.007709753780488234,1.0,0.0020868784880785068
0.16,0.5399419961028814,0.00823952028962489,1.0,-0.001888790913719348
0.17,0.5424014219844109,0.008771222765438147,1.0,0.011913696091390886
0.18,0.5448541521898762,0.00930485296465712,1.0,0.00022461220944501072
0.19,0.5472997994047449,0.00984040226388234,1.0,-0.004282634749470576
0.2,0.5497379774329709,0.010377861661023202,1.0,0.025034349350238745
0.21,0.5521683012579794,0.01091722177679515,1.0,0.008659458771929793
0.22,0.5545903871034651,0.011458472856276335,1.0,0.012133754903155573
0.23,0.5570038524939952,0.012001604770523524,1.0,-0.0022458770916110437
0.24,0.559408316315407,0.012546607018246995,1.0,0.007102779772995169
0.25,0.5618033988749895,0.013093468727544156,1.0,0.014202694624642817
0.26,0.5641887219614419,0.0136421786576916,1.0,0.002132242883468572
0.27,0.5665639089045973,0.01419272520099535,1.0,0.01794970538445207
0.28,0.5689285846349034,0.014745096384698952,1.0,0.008738709485510903
0.29,0.5712823757426502,0.015299279872949156,1.0,0.012382342375016389
0.3,0.5736249105369355,0.015855262968818857,1.0,0.009838196846524889
0.31,0.5759558191043602,0.016413032616386974,1.0,0.03493581446147635
0.32,0.5782747333674405,0.016972575402874945,1.0,0.016837603155495606
0.33,0.5805812871427325,0.01753387756083951,1.0,0.006956768271280507
0.34,0.5828751161986568,0.018096924970421403,1.0,0.026322374091453292
0.35000000000000003,0.5851558583130145,0.01866170316164964,1.0,0.006453266661939417
0.36,0.5874231533301866,0.019228197316801005,1.0,0.021316833266848557
0.37,0.5896766432180065,0.01979639227281439,1.0,0.00019969103401663163
0.38,0.5919159721242976,0.020366272523759582,1.0,0.007084412034775276
0.39,0.5941407864330666,0.02093782222336012,1.0,0.022906434582051355
0.4,0.5963507348203431,0.021511025187569827,1.0,0.028895690987523932
0.41000000000000003,0.5985454683096583,0.0220858648972026,1.0,0.023799547709102305
0.42,0.6007246403271522,0.022662324500615057,1.0,0.021505841676732654
0.43,0.6028879067563013,0.023240386816441593,1.0,0.020229349860548706
0.44,0.6050349259922592,0.023820034336381454,1.0,0.00903481443270718
0.45,0.6071653589957994,0.024401249228037332,1.0,0.017202807144090247
0.46,0.6092788693468538,0.024984013337805092,1.0,0.02037762562820722
0.47000000000000003,0.6113751232976377,0.02556830819381414,1.0,0.036139530456003294
0.48,0.6134537898253514,0.026154115008917962,1.0,0.029590297904602575
0.49,0.6155145406844535,0.026741414683734397,1.0,0.009111013130107058
0.5,0.6175570504584946,0.027330187809735115,1.0,0.030571027503683065
0.51,0.6195809966115038,0.027920414672383875,1.0,0.02406959186822071
0.52,0.6215860595389211,0.028512075254322995,1.0,0.021742855251263408
0.53,0.6235719226180669,0.029105149238607592,1.0,0.035221912127016274
0.54,0.6255382722581402,0.029699616011987052,1.0,0.04000961123694656
0.55,0.627484797949738,0.030295454668233204,1.0,0.03960825585939519
0.56,0.6294111923138889,0.03089264401151471,1.0,0.022500468779288324
0.5700000000000001,0.6313171511505913,0.031491162559817085,1.0,0.02839903880130494
0.58,0.6332023734868504,0.03209098854840786,1.0,0.0354036228624435
0.59,0.6350665616242048,0.032692099933346305,1.0,0.042447551204569896
0.6,0.6369094211857378,0.03329447439503717,1.0,0.028502732016584268
0.61,0.6387306611625609,0.03389808934182787,1.0,0.0320414995751897
0.62,0.6405299939597698,0.03450292191364861,1.0,0.023439572173588323
0.63,0.642307135441857,0.03510894898569473,1.0,0.02314688274488802
0.64,0.6440618049775814,0.03571614717215089,1.0,0.04384140539609287
0.65,0.6457937254842823,0.03632449282995632,1.0,0.04988689311566455
0.66,0.6475026234716348,0.03693396206261065,1.0,0.036213860846807305
0.67,0.6491882290848364,0.03754453072401967,1.0,0.04757985970293991
0.68,0.6508502761472208,0.038156174422380486,1.0,0.041772534672856826
0.6900000000000001,0.6524885022022896,0.03876886852410533,1.0,0.03231767097805408
0.7000000000000001,0.6541026485551579,0.03938258815778351,1.0,0.04299654421286765
0.71,0.6556924603134047,0.039997308218180885,1.0,0.05537767388284058
0.72,0.6572576864273239,0.04061300337027611,1.0,0.0402547429791766
0.73,0.658798079729567,0.04122964805333316,1.0,0.05687608461147322
0.74,0.6603133969741753,0.04184721648500939,1.0,0.015649765444111948
0.75,0.6618033988749895,0.04246568266549856,1.0,0.05068470770925079
0.76,0.6632678501434368,0.04308502038170805,1.0,0.04395549106408976
0.77,0.6647065195256855,0.04370520321146978,1.0,0.040715129706811105
0.78,0.6661191798391626,0.04432620452778399,1.0,0.045243812293139014
0.79,0.6675056080084284,0.04494799750309537,1.0,0.02507230835708644
0.8,0.6688655851004031,0.0455705551136007,1.0,0.043373836235225574
0.81,0.6701988963589384,0.0461938501435875,1.0,0.049764975858704964
0.8200000000000001,0.6715053312387305,0.046817855189802846,1.0,0.06159679563721801
0.8300000000000001,0.6727846834385671,0.047442542665851774,1.0,0.0422598404831153
0.84,0.6740367509339051,0.04806788480662449,1.0,0.03998294877769261
0.85,0.6752613360087727,0.048693853672751766,1.0,0.0436762832369064
0.86,0.6764582452869907,0.049320421155087786,1.0,0.05847444233210853
0.87,0.6776272897627089,0.04994755897921969,1.0,0.05323507007581653
0.88,0.6787682848302528,0.050575238710003176,1.0,0.04527763667233279
0.89,0.6798810503132742,0.05120343175612343,1.0,0.05633610608725699
0.9,0.6809654104932039,0.05183210937468058,1.0,0.05280288486816098
0.91,0.6820211941369991,0.0524612426757991,1.0,0.062147692581128
0.92,0.6830482345241835,0.053090802627260306,1.0,0.046070271688486784
0.93,0.6840463694731741,0.05372076005915723,1.0,0.05044413859317955
0.9400000000000001,0.6850154413668916,0.05435108566857125,1.0,0.05043000413724967
0.9500000000000001,0.6859552971776504,0.05498175002426957,1.0,0.040346600542948384
0.96,0.6868657884913224,0.055612723571422946,1.0,0.058573926342068705
0.97,0.6877467715307748,0.05624397663634285,1.0,0.05885452935814174
0.98,0.688598107178573,0.05687547943123728,1.0,0.05692661399766189
0.99,0.6894196609989489,0.057507202058984616,1.0,0.055161330725233146
1.0,0.6902113032590307,0.058139114517924584,1.0,0.04398540709742044
1.01,0.6909729089493286,0.05877118670666569,1.0,0.0545647334790121
1.02,0.6917043578034752,0.05940338842890835,1.0,0.05597624326364065
1.03,0.6924055343172172,0.06003568939828292,1.0,0.052012916706066725
1.04,0.6930763277666547,0.06066805924320185,1.0,0.05905520212654176
1.05,0.6937166322257262,0.061300467511725305,1.0,0.06534097607987069
1.06,0.6943263465829348,0.06193288367643931,1.0,0.08079474268854461
1.07,0.6949053745573155,0.0625652771393458,1.0,0.06431105526766419
1.08,0.6954536247136387,0.06319761723676377,1.0,0.06577312114399142
1.09,0.6959710104768494,0.06382987324424065,1.0,0.06308541408657897
1.1,0.6964574501457378,0.06446201438147325,1.0,0.04527430222848284
1.11,0.6969128669058411,0.06509400981723752,1.0,0.06482887106274535
1.12,0.6973371888415736,0.06572582867432612,1.0,0.0663281307737364
1.1300000000000001,0.6977303489475828,0.06635744003449337,1.0,0.09098986115934624
1.1400000000000001,0.6980922851393303,0.06698881294340646,1.0,0.06506520329559523
1.1500000000000001,0.6984229402628956,0.06761991641560239,1.0,0.07063538983893851
1.16,0.6987222621040017,0.06825071943944969,1.0,0.06790360174239725
1.17,0.6989902033962601,0.06888119098211423,1.0,0.05719441060591891
1.18,0.6992267218286345,0.06951129999452837,1.0,0.08093952813967858
1.19,0.6994317800521228,0.07014101541636249,1.0,0.07766034574323023
1.2,0.6996053456856544,0.07077030618099825,1.0,0.07868062565142872
1.21,0.6997473913212036,0.0713991412205029,1.0,0.062305266672555516
1.22,0.6998578945281179,0.07202748947060361,1.0,0.0860554325799646
1.23,0.6999368378566599,0.07265531987566112,1.0,0.058636809247738314
1.24,0.6999842088407633,0.07328260139364212,1.0,0.07915117233164483
1.25,0.7,0.07390930300108925,1.0,0.09581385925918903
1.26,0.6999842088407633,0.07453539369808816,1.0,0.06463003044678128
1.27,0.6999368378566599,0.07516084251323084,1.0,0.06949786521720312
1.28,0.6998578945281179,0.07578561850857427,1.0,0.07678213215945068
1.29,0.6997473913212036,0.07640969078459381,1.0,0.07137493424343182
1.3,0.6996053456856544,0.07703302848513043,1.0,0.0615263941744691
1.31,0.6994317800521228,0.07765560080233094,1.0,0.07834123055039122
1.32,0.6992267218286345,0.07827737698158073,1.0,0.06765433984431968
1.33,0.6989902033962601,0.07889832632642778,1.0,0.0836342506327796
1.34,0.6987222621040017,0.07951841820349762,1.0,0.07032417586115958
1.35,0.6984229402628955,0.08013762204739812,1.0,0.09563696609757351
1.36,0.6980922851393303,0.08075590736561361,1.0,0.07292337444225123
1.37,0.6977303489475828,0.08137324374338732,1.0,0.07815262858133057
1.3800000000000001,0.6973371888415736,0.08198960084859151,1.0,0.0901247730222882
1.3900000000000001,0.6969128669058411,0.08260494843658449,1.0,0.07029630527224494
1.4000000000000001,0.6964574501457377,0.08321925635505374,1.0,0.08549385570109504
1.41,0.6959710104768494,0.08383249454884442,1.0,0.0969039220916687
1.42,0.6954536247136387,0.08444463306477243,1.0,0.06836980071916016
1.43,0.6949053745573155,0.0850556420564213,1.0,0.08690198064174434
1.44,0.6943263465829348,0.08566549178892219,1.0,0.08826431973140643
1.45,0.6937166322257262,0.0862741526437162,1.0,0.0940923813614893
1.46,0.6930763277666547,0.08688159512329821,1.0,0.07451208801451739
1.47,0.6924055343172172,0.08748778985594156,1.0,0.0742832237250988
1.48,0.6917043578034752,0.08809270760040284,1.0,0.09331212325657182
1.49,0.6909729089493286,0.08869631925060592,1.0,0.09166616598293778
1.5,0.6902113032590307,0.08929859584030464,1.0,0.0918035243437634
1.51,0.6894196609989489,0.08989950854772337,1.0,0.09336399064269313
1.52,0.688598107178573,0.0904990287001746,1.0,0.08369878148438968
1.53,0.6877467715307748,0.09109712777865299,1.0,0.09341966475026303
1.54,0.6868657884913224,0.09169377742240511,1.0,0.09462450215539192
1.55,0.6859552971776502,0.09228894943347403,1.0,0.08514543525321035
1.56,0.6850154413668916,0.0928826157812182,1.0,0.11154036089266577
1.57,0.6840463694731741,0.09347474860680388,1.0,0.09821307781592176
1.58,0.6830482345241835,0.09406532022767025,1.0,0.08215228525564376
1.59,0.6820211941369991,0.09465430314196677,1.0,0.10121983922830506
1.6,0.6809654104932039,0.0952416700329618,1.0,0.08549485333068858
1.61,0.6798810503132742,0.09582739377342205,1.0,0.10369823981084657
1.62,0.6787682848302528,0.0964114474299619,1.0,0.10799740322003594
1.6300000000000001,0.6776272897627089,0.09699380426736219,1.0,0.08878698108384508
1.6400000000000001,0.6764582452869907,0.09757443775285754,1.0,0.10720819904530075
1.6500000000000001,0.6752613360087727,0.09815332156039168,1.0,0.10228113082975666
1.6600000000000001,0.6740367509339051,0.09873042957484006,1.0,0.10695103117478497
1.67,0.6727846834385671,0.09930573589619912,1.0,0.11827366572273859
1.68,0.6715053312387305,0.09987921484374149,1.0,0.09742533368371278
1.69,0.6701988963589384,0.10045084096013647,1.0,0.09291347931656158
1.7,0.6688655851004031,0.10102058901553528,1.0,0.09212544471928004
1.71,0.6675056080084284,0.10158843401162014,1.0,0.09343033116196575
1.72,0.6661191798391626,0.10215435118561694,1.0,0.1013833340914759
1.73,0.6647065195256855,0.10271831601427049,1.0,0.10612983576243692
1.74,0.6632678501434368,0.10328030421778191,1.0,0.1060472122110821
1.75,0.6618033988749895,0.10384029176370756,1.0,0.1121121242540678
1.76,0.6603133969741753,0.10439825487081884,1.0,0.10452827378959792
1.77,0.658798079729567,0.1049541700129222,1.0,0.11948951078449538
1.78,0.6572576864273239,0.10550801392263885,1.0,0.1028614455902593
1.79,0.6556924603134047,0.10605976359514353,1.0,0.13326145526103972
1.8,0.6541026485551579,0.1066093962918618,1.0,0.11286606976951186
1.81,0.6524885022022896,0.10715688954412508,1.0,0.09858531397996226
1.82,0.6508502761472208,0.10770222115678325,1.0,0.09699329617617213
1.83,0.6491882290848364,0.10824536921177369,1.0,0.11307009336420554
1.84,0.6475026234716348,0.10878631207164675,1.0,0.10655168421838825
1.85,0.6457937254842823,0.10932502838304674,1.0,0.11646503332396765
1.86,0.6440618049775814,0.10986149708014797,1.0,0.11459387332588342
1.87,0.6423071354418571,0.1103956973880454,1.0,0.10966740826147667
1.8800000000000001,0.6405299939597698,0.11092760882609921,1.0,0.10245967164541517
1.8900000000000001,0.6387306611625609,0.11145721121123288,1.0,0.09630873896437424
1.9000000000000001,0.6369094211857377,0.11198448466118421,1.0,0.107519335140514
1.9100000000000001,0.6350665616242048,0.11250940959770876,1.0,0.12107339754094348
1.92,0.6332023734868504,0.11303196674973526,1.0,0.1151729041910373
1.93,0.6313171511505913,0.11355213715647237,1.0,0.10109474936935249
1.94,0.629411192313889,0.11406990217046649,1.0,0.11580171142897831
1.95,0.627484797949738,0.11458524346060991,1.0,0.11843841725789828
1.96,0.6255382722581402,0.11509814301509905,1.0,0.10625956865308772
1.97,0.6235719226180669,0.1156085831443421,1.0,0.11714583420379737
1.98,0.6215860595389211,0.11611654648381582,1.0,0.11669863366827582
1.99,0.6195809966115038,0.11662201599687093,1.0,0.1051923130185647
2.0,0.6175570504584946,0.11712497497748556,1.0,0.12070284858096839
2.0100000000000002,0.6155145406844535,0.11762540705296656,1.0,0.1232332523166489
2.02,0.6134537898253513,0.11812329618659805,1.0,0.12895380861835082
2.0300000000000002,0.6113751232976375,0.1186186266802368,1.0,0.12915664720058584
2.04,0.6092788693468538,0.1191113831768542,1.0,0.1053346894972833
2.05,0.6071653589957994,0.11960155066302419,1.0,0.11022330026387296
2.06,0.6050349259922592,0.12008911447135696,1.0,0.12523946714344356
2.07,0.6028879067563013,0.12057406028287787,1.0,0.12571191979199997
2.08,0.6007246403271522,0.12105637412935129,1.0,0.12620685099241177
2.09,0.5985454683096584,0.12153604239554909,1.0,0.1600633573020963
2.1,0.5963507348203431,0.1220130518214632,1.0,0.12772195692839486
2.11,0.5941407864330666,0.12248738950446209,1.0,0.13384304590626808
2.12,0.5919159721242976,0.12295904290139069,1.0,0.1324990605363227
2.13,0.5896766432180065,0.1234279998306136,1.0,0.12994191234367158
2.14,0.5874231533301866,0.12389424847400099,1.0,0.12074155602759754
2.15,0.5851558583130145,0.12435777737885717,1.0,0.13194746958378983
2.16,0.5828751161986567,0.12481857545979133,1.0,0.11709032331441561
2.17,0.5805812871427325,0.12527663200053019,1.0,0.12290844593313009
2.18,0.5782747333674405,0.1257319366556724,1.0,0.12087830117738135
2.19,0.5759558191043603,0.12618447945238417,1.0,0.1270032208462474
2.2,0.5736249105369355,0.12663425079203616,1.0,0.14978083645877124
2.21,0.5712823757426502,0.12708124145178107,1.0,0.10840858952586359
2.22,0.5689285846349034,0.12752544258607193,1.0,0.13438804448981706
2.23,0.5665639089045974,0.12796684572812075,1.0,0.11183968701622424
2.24,0.5641887219614419,0.12840544279129723,1.0,0.1236861241334029
2.25,0.5618033988749895,0.12884122607046739,1.0,0.13973073204014105
2.2600000000000002,0.559408316315407,0.12927418824327191,1.0,0.12991698843422655
2.27,0.5570038524939952,0.12970432237134405,1.0,0.118926874592051
2.2800000000000002,0.554590387103465,0.1301316219014667,1.0,0.12297858480886703
2.29,0.5521683012579794,0.1305560806666687,1.0,0.13735205815601548
2.3000000000000003,0.5497379774329709,0.13097769288726002,1.0,0.12367402657008865
2.31,0.5472997994047449,0.13139645317180573,1.0,0.13356103906762548
2.32,0.5448541521898763,0.13181235651803866,1.0,0.1322680749170768
2.33,0.542401421984411,0.1322253983137105,1.0,0.1257093948376523
2.34,0.5399419961028815,0.13263557433738118,1.0,0.15407501523063444
2.35,0.5374762629171449,0.1330428807591467,1.0,0.1393820709823268
2.36,0.5350046117950553,0.1334473141413047,1.0,0.11319588827472862
2.37,0.5325274330389768,0.13384887143895846,1.0,0.13571341458665273
2.38,0.5300451178241514,0.1342475500005585,1.0,0.1276296853528746
2.39,0.5275580581369276,0.1346433475683821,1.0,0.14316768091634433
2.4,0.5250666467128609,0.13503626227895063,1.0,0.12711105489462363
2.41,0.5225712769746963,0.13542629266338455,1.0,0.13427892824871557
2.42,0.520072342970243,0.13581343764769585,1.0,0.14086331043750042
2.43,0.5175702393101487,0.1361976965530184,1.0,0.1448552484947196
2.44,0.5150653611055866,0.13657906909577552,1.0,0.12457610502521776
2.45,0.5125581039058626,0.13695755538778534,1.0,0.13361254302937586
2.46,0.5100488636359539,0.1373331559363034,1.0,0.13258370282469384
2.47,0.5075380365339869,0.13770587164400305,1.0,0.13117257931826592
2.48,0.5050260190886675,0.13807570380889303,1.0,0.155730246211704
2.49,0.5025132079766704,0.1384426541241728,1.0,0.14249247123378236
2.5,0.5,0.1388067246780253,1.0,0.12619788513467484
2.5100000000000002,0.49748679202332946,0.13916791795334726,1.0,0.14834653742389503
2.52,0.4949739809113325,0.13952623682741724,1.0,0.16074779879754358
2.5300000000000002,0.49246196346601306,0.13988168457150116,1.0,0.15020633717701262
2.54,0.48995113636404614,0.14023426485039567,1.0,0.12504056519085555
2.5500000000000003,0.48744189609413724,0.1405839817219093,1.0,0.1357416409932468
2.56,0.48493463889441346,0.14093083963628153,1.0,0.15359995112814775
2.57,0.48242976068985144,0.14127484343553967,1.0,0.13419814877935185
2.58,0.47992765702975704,0.14161599835279398,1.0,0.14605419263425626
2.59,0.47742872302530376,0.14195431001147094,1.0,0.1497006505457643
2.6,0.47493335328713915,0.14228978442448476,1.0,0.13302047970870393
2.61,0.4724419418630724,0.1426224279933474,1.0,0.1420271744327294
2.62,0.46995488217584863,0.14295224750721713,1.0,0.1105395741065264
2.63,0.4674725669610233,0.14327925014188578,1.0,0.13303537372854288
2.64,0.4649953882049448,0.1436034434587049,1.0,0.1410777619447733
2.65,0.46252373708285516,0.14392483540345113,1.0,0.13144700358380265
2.66,0.46005800389711854,0.14424343430513054,1.0,0.1605675473444469
2.67,0.4575985780155891,0.14455924887472252,1.0,0.13025783509511618
2.68,0.45514584781012374,0.1448722882038634,1.0,0.14047184333689355
2.69,0.4527002005952551,0.14518256176346964,1.0,0.14648996753633056
2.7,0.45026202256702896,0.1454900794023014,1.0,0.15990281229296258
2.71,0.4478316987420206,0.14579485134546613,1.0,0.13143622983367173
2.72,0.44540961289653497,0.14609688819286268,1.0,0.15772852571441226
2.73,0.44299614750600486,0.14639620091756636,1.0,0.14649853152776224
2.74,0.440591683684593,0.1466928008641548,1.0,0.13687771435367527
2.75,0.4381966011250105,0.14698669974697523,1.0,0.15160773448960793
2.7600000000000002,0.4358112780385581,0.14727790964835327,1.0,0.14926850660408797
2.77,0.43343609109540265,0.1475664430167435,1.0,0.14156427424515555
2.7800000000000002,0.4310714153650965,0.14785231266482216,1.0,0.14855033351472235
2.79,0.4287176242573499,0.14813553176752242,1.0,0.1442823957989048
2.8000000000000003,0.42637508946306435,0.14841611386001224,1.0,0.14955128731252473
2.81,0.4240441808956398,0.1486940728356153,1.0,0.15531537958082578
2.82,0.42172526663255955,0.14896942294367532,1.0,0.16482959110512885
2.83,0.4194187128572675,0.1492421787873642,1.0,0.1368640237990957
2.84,0.41712488380134327,0.14951235532143411,1.0,0.17084268906799677
2.85,0.41484414168698547,0.14977996784991401,1.0,0.13025908985468898
2.86,0.4125768466698135,0.15004503202375108,1.0,0.14852718107339524
2.87,0.4103233567819936,0.15030756383839713,1.0,0.1561907359032429
2.88,0.4080840278757024,0.15056757963134074,1.0,0.15337749830869107
2.89,0.4058592135669335,0.1508250960795851,1.0,0.14459810088137917
2.9,0.403649265179657,0.15108013019707245,1.0,0.1489989076934997
2.91,0.4014545316903416,0.15133269933205504,1.0,0.1464026899854667
2.92,0.39927535967284783,0.15158282116441332,1.0,0.14568917359497122
2.93,0.3971120932436987,0.15183051370292175,1.0,0.160326534673132
2.94,0.39496507400774095,0.15207579528246254,1.0,0.15564595014211302
2.95,0.3928346410042006,0.15231868456118783,1.0,0.14538958860858128
2.96,0.3907211306531462,0.15255920051763083,1.0,0.16155519927196335
2.97,0.3886248767023624,0.15279736244776634,1.0,0.15587035765653243
2.98,0.38654621017464874,0.15303318996202095,1.0,0.16116181115041056
2.99,0.38448545931554645,0.15326670298223358,1.0,0.1595629914014697
3.0,0.3824429495415054,0.15349792173856688,1.0,0.14520797162934615
3.0100000000000002,0.3804190033884962,0.15372686676636982,1.0,0.14812505636440013
3.02,0.3784139404610789,0.15395355890299195,1.0,0.16142649495422456
3.0300000000000002,0.3764280773819331,0.15417801928455005,1.0,0.1602817219388847
3.04,0.37446172774185993,0.15440026934264744,1.0,0.15419125340300596
3.0500000000000003,0.372515202050262,0.15462033080104665,1.0,0.15579360463413447
3.06,0.37058880768611113,0.15483822567229585,1.0,0.1676148746301801
3.0700000000000003,0.3686828488494087,0.15505397625430967,1.0,0.14913826236595137
3.08,0.36679762651314973,0.15526760512690477,1.0,0.16073857893860516
3.09,0.36493343837579517,0.155479135148291,1.0,0.15345720862395207
3.1,0.3630905788142622,0.1556885894515185,1.0,0.1535117774192463
3.11,0.36126933883743906,0.15589599144088126,1.0,0.16688375996075316
3.12,0.35947000604023016,0.15610136478827782,1.0,0.16435552827815814
3.13,0.357692864558143,0.15630473342952977,1.0,0.16443982978953617
3.14,0.35593819502241864,0.15650612156065838,1.0,0.16956090963220166
3.15,0.35420627451571773,0.15670555363412014,1.0,0.15691559205044772
3.16,0.3524973765283652,0.15690305435500174,1.0,0.16372258406795137
3.17,0.3508117709151636,0.1570986486771751,1.0,0.15399598111124055
3.18,0.3491497238527792,0.15729236179941308,1.0,0.1605340253242975
3.19,0.3475114977977104,0.15748421916146646,1.0,0.15618278861778961
3.2,0.3458973514448421,0.1576742464401027,1.0,0.15864420609002988
3.21,0.3443075396865954,0.15786246954510744,1.0,0.16381403979947656
3.22,0.34274231357267615,0.15804891461524892,1.0,0.1498667077829142
3.23,0.34120192027043295,0.15823360801420636,1.0,0.17915748077106097
3.24,0.3396866030258247,0.15841657632646258,1.0,0.14835640251146556
3.25,0.3381966011250105,0.15859784635316193,1.0,0.14645596022528462
3.2600000000000002,0.3367321498565632,0.1587774451079338,1.0,0.17035855384293447
3.27,0.3352934804743145,0.15895539981268242,1.0,0.16687202675231178
3.2800000000000002,0.3338808201608374,0.15913173789334406,1.0,0.1653729360638656
3.29,0.3324943919915716,0.15930648697561156,1.0,0.16558994206825436
3.3000000000000003,0.33113441489959694,0.15947967488062753,1.0,0.1593572071521584
3.31,0.32980110364106163,0.1596513296206465,1.0,0.15067878590578818
3.3200000000000003,0.3284946687612695,0.1598214793946669,1.0,0.16057952497660416
3.33,0.327215316561433,0.1599901525840335,1.0,0.1532185354689124
3.34,0.32596324906609486,0.16015737774801092,1.0,0.16990857508218843
3.35,0.3247386639912273,0.160323183619329,1.0,0.15885260980430763
3.36,0.3235417547130093,0.16048759909970092,1.0,0.15223262713177582
3.37,0.3223727102372911,0.16065065325531422,1.0,0.15743679483878428
3.38,0.32123171516974725,0.1608123753122962,1.0,0.16494168985505245
3.39,0.32011894968672583,0.16097279465215364,1.0,0.1553355491241139
3.4,0.3190345895067961,0.1611319408071882,1.0,0.1529097368515239
3.41,0.31797880586300087,0.16128984345588782,1.0,0.16372671557080695
3.42,0.3169517654758165,0.16144653241829493,1.0,0.16389619812938216
3.43,0.3159536305268259,0.16160203765135245,1.0,0.15653260589764115
3.44,0.31498455863310837,0.16175638924422792,1.0,0.15704600618804468
3.45,0.3140447028223497,0.16190961741361679,1.0,0.16423011678719315
3.46,0.3131342115086776,0.16206175249902552,1.0,0.14758090908405228
3.47,0.31225322846922515,0.16221282495803518,1.0,0.14813818721426963
3.48,0.31140189282142716,0.16236286536154637,1.0,0.155178423149022
3.49,0.31058033900105114,0.16251190438900626,1.0,0.16037743287188777
3.5,0.3097886967409693,0.1626599728236183,1.0,0.16576904847959834
3.5100000000000002,0.3090270910506714,0.16280710154753564,1.0,0.17756066371703116
3.52,0.30829564219652483,0.1629533215370388,1.0,0.171529917769059
3.5300000000000002,0.3075944656827828,0.16309866385769828,1.0,0.161499278558064
3.54,0.30692367223334516,0.16324315965952335,1.0,0.16305299758049646
3.5500000000000003,0.3062833677742738,0.16338684017209718,1.0,0.1533615465257191
3.56,0.3056736534170652,0.16352973669969936,1.0,0.16334460533977546
3.5700000000000003,0.3050946254426845,0.16367188061641672,1.0,0.16078529422721533
3.58,0.3045463752863613,0.16381330336124297,1.0,0.16704048896462387
3.59,0.3040289895231506,0.16395403643316808,1.0,0.15568172699764485
3.6,0.3035425498542622,0.16409411138625807,1.0,0.1692875765286698
3.61,0.3030871330941589,0.16423355982472607,1.0,0.17956094895475183
3.62,0.30266281115842636,0.1643724133979955,1.0,0.16328481191342692
3.63,0.3022696510524172,0.1645107037957559,1.0,0.16852782101674532
3.64,0.30190771486066975,0.16464846274301256,1.0,0.17154990266012368
3.65,0.30157705973710447,0.16478572199513022,1.0,0.16077351727627187
3.66,0.3012777378959983,0.1649225133328722,1.0,0.16716343815097637
3.67,0.30100979660373994,0.16505886855743532,1.0,0.16518479256525326
3.68,0.30077327817136545,0.16519481948548162,1.0,0.16617158047096994
3.69,0.3005682199478772,0.1653303979441675,1.0,0.15760030010561285
3.7,0.30039465431434564,0.1654656357661712,1.0,0.16571073750876064
3.71,0.3002526086787965,0.16560056478471938,1.0,0.17058054769717387
3.72,0.30014210547188214,0.16573521682861345,1.0,0.18024665290656386
3.73,0.30006316214334,0.16586962371725672,1.0,0.1754623319781088
3.74,0.30001579115923677,0.1660038172556828,1.0,0.18753564183079838
3.75,0.3,0.16613782922958636,1.0,0.15846435360070588
3.7600000000000002,0.30001579115923677,0.16627169140035677,1.0,0.17499489776756355
3.77,0.30006316214334,0.16640543550011566,1.0,0.16823885555749918
3.7800000000000002,0.30014210547188214,0.1665390932267589,1.0,0.1884371225589356
3.79,0.3002526086787965,0.16667269623900402,1.0,0.1585897133854525
3.8000000000000003,0.30039465431434564,0.1668062761514438,1.0,0.15840905772963604
3.81,0.3005682199478772,0.1669398645296067,1.0,0.1609459380751665
3.8200000000000003,0.3007732781713655,0.167073492885025,1.0,0.14583453564192692
3.83,0.30100979660373994,0.16720719267031134,1.0,0.16194964245350374
3.84,0.3012777378959983,0.16734099527424476,1.0,0.15974966865870777
3.85,0.3015770597371044,0.1674749320168665,1.0,0.16897886988162858
3.86,0.30190771486066975,0.16760903414458675,1.0,0.17102659390235833
3.87,0.3022696510524172,0.16774333282530282,1.0,0.1865050412174617
3.88,0.30266281115842636,0.16787785914352993,1.0,0.17738209752539044
3.89,0.3030871330941589,0.16801264409554484,1.0,0.1622436075389208
3.9,0.3035425498542622,0.16814771858454344,1.0,0.15916357187105987
3.91,0.3040289895231506,0.16828311341581317,1.0,0.17320230513087823
3.92,0.3045463752863613,0.16841885929192052,1.0,0.15521652722171408
3.93,0.30509462544268456,0.16855498680791495,1.0,0.1868695744664585
3.94,0.3056736534170652,0.16869152644654972,1.0,0.1804859276537626
3.95,0.3062833677742738,0.16882850857352025,1.0,0.1641367520524732
3.96,0.30692367223334516,0.168965963432721,1.0,0.1518346181418122
3.97,0.3075944656827828,0.16910392114152162,1.0,0.18264264488317575
3.98,0.3082956421965248,0.16924241168606288,1.0,0.1680970132335367
3.99,0.3090270910506714,0.16938146491657335,1.0,0.18175962803630796
4.0,0.30978869674096926,0.16952111054270746,1.0,0.1535768339547638
4.01,0.3105803390010511,0.16966137812890572,1.0,0.16366762789936798
4.0200000000000005,0.3114018928214271,0.16980229708977787,1.0,0.1698547340869597
4.03,0.3122532284692252,0.16994389668550952,1.0,0.17041370262315694
4.04,0.3131342115086776,0.17008620601729324,1.0,0.1655855513025008
4.05,0.31404470282234964,0.17022925402278463,1.0,0.17645775334625963
4.0600000000000005,0.31498455863310837,0.1703730694715842,1.0,0.15969686517775827
4.07,0.31595363052682596,0.17051768096074574,1.0,0.1690938861105328
4.08,0.3169517654758165,0.17066311691031183,1.0,0.1718660732274308
4.09,0.31797880586300087,0.17080940555887733,1.0,0.17595379389946483
4.1,0.319034589506796,0.17095657495918146,1.0,0.17807272374007035
4.11,0.32011894968672583,0.17110465297372907,1.0,0.15985823205535038
4.12,0.32123171516974725,0.17125366727044206,1.0,0.15591252556308582
4.13,0.322372710237291,0.17140364531834137,1.0,0.18418041353732648
4.14,0.3235417547130093,0.17155461438326033,1.0,0.17487775450305626
4.15,0.3247386639912273,0.17170660152359007,1.0,0.16422173615802454
4.16,0.32596324906609486,0.17185963358605771,1.0,0.18737115334128293
4.17,0.3272153165614329,0.17201373720153776,1.0,0.17317048354446635
4.18,0.3284946687612694,0.17216893878089765,1.0,0.1839619106215359
4.19,0.32980110364106163,0.172325264510878,1.0,0.1730004493249791
4.2,0.331134414899597,0.17248274035000818,1.0,0.19309021959882805
4.21,0.3324943919915716,0.17264139202455778,1.0,0.19019480044898981
4.22,0.3338808201608374,0.1728012450245248,1.0,0.17031160353973407
4.23,0.33529348047431456,0.1729623245996611,1.0,0.18267803410920466
4.24,0.3367321498565632,0.17312465575553576,1.0,0.17957841525138724
4.25,0.3381966011250105,0.17328826324963678,1.0,0.18697457882496027
4.26,0.33968660302582465,0.17345317158751217,1.0,0.1638039369817111
4.2700000000000005,0.34120192027043295,0.17361940501895048,1.0,0.1804799196189349
4.28,0.34274231357267626,0.17378698753420196,1.0,0.18437123240269784
4.29,0.34430753968659533,0.17395594286024044,1.0,0.1563685479960093
4.3,0.34589735144484207,0.1741262944570668,1.0,0.16229370933040904
4.3100000000000005,0.3475114977977105,0.17429806551405455,1.0,0.15390574373645355
4.32,0.3491497238527793,0.1744712789463382,1.0,0.17177721060189263
4.33,0.3508117709151635,0.17464595739124464,1.0,0.18182137994920428
4.34,0.3524973765283652,0.17482212320476856,1.0,0.18984569372572885
4.3500000000000005,0.35420627451571784,0.17499979845809216,1.0,0.17574074626228992
4.36,0.35593819502241864,0.17517900493414978,1.0,0.1914651603898627
4.37,0.357692864558143,0.17535976412423807,1.0,0.16155874954208915
4.38,0.35947000604023005,0.17554209722467198,1.0,0.15850827283112043
4.39,0.36126933883743895,0.17572602513348753,1.0,0.17517054814452135
4.4,0.3630905788142623,0.1759115684471915,1.0,0.17975222293658458
4.41,0.36493343837579506,0.17609874745755857,1.0,0.17577179997661765
4.42,0.3667976265131496,0.1762875821484768,1.0,0.15561316114807805
4.43,0.36868284884940855,0.1764780921928415,1.0,0.1755868917977136
4.44,0.37058880768611113,0.17667029694949807,1.0,0.16362560194444953
4.45,0.37251520205026206,0.17686421546023467,1.0,0.18356094094853506
4.46,0.3744617277418598,0.1770598664468247,1.0,0.18072584890779317
4.47,0.37642807738193307,0.17725726830811972,1.0,0.16785847044484617
4.48,0.378413940461079,0.17745643911719353,1.0,0.17231776994382658
4.49,0.38041900338849616,0.1776573966185374,1.0,0.1670652613996479
4.5,0.3824429495415053,0.17786015822530737,1.0,0.17723336725257566
4.51,0.38448545931554645,0.17806474101662356,1.0,0.18761616422163593
4.5200000000000005,0.3865462101746487,0.1782711617349225,1.0,0.16841390127156705
4.53,0.3886248767023624,0.17847943678336223,1.0,0.18351990193854067
4.54,0.39072113065314623,0.17868958222328124,1.0,0.17338700603955684
4.55,0.39283464100420057,0.1789016137717111,1.0,0.17097288544908765
4.5600000000000005,0.39496507400774095,0.1791155467989436,1.0,0.17804524319939802
4.57,0.3971120932436988,0.1793313963261524,1.0,0.16897897310195864
4.58,0.3992753596728478,0.17954917702306994,1.0,0.17401268396959813
4.59,0.4014545316903417,0.17976890320571973,1.0,0.16779012427983125
4.6000000000000005,0.4036492651796571,0.17999058883420435,1.0,0.19963784016336825
4.61,0.4058592135669335,0.1802142475105498,1.0,0.18056688303026708
4.62,0.40808402787570247,0.18043989247660616,1.0,0.1734426373966803
4.63,0.41032335678199344,0.18066753661200527,1.0,0.18280733571934749
4.64,0.4125768466698133,0.18089719243217525,1.0,0.17977391193526696
4.65,0.4148441416869856,0.1811288720864129,1.0,0.17891917609108068
4.66,0.4171248838013431,0.18136258735601346,1.0,0.1875042543564477
4.67,0.4194187128572674,0.1815983496524588,1.0,0.18917342675293186
4.68,0.4217252666325593,0.1818361700156636,1.0,0.17653115853955834
4.69,0.4240441808956398,0.1820760591122805,1.0,0.1763178767058337
4.7,0.4263750894630644,0.18231802723406387,1.0,0.17956751026254744
4.71,0.4287176242573497,0.18256208429629286,1.0,0.15954287264893702
4.72,0.43107141536509647,0.1828082398362539,1.0,0.16765632921426837
4.73,0.43343609109540276,0.18305650301178275,1.0,0.196725245686228
4.74,0.435811278038558,0.18330688259986638,1.0,0.1997565597348792
4.75,0.43819660112501047,0.18355938699530508,1.0,0.1810690265997413
4.76,0.440591683684593,0.1838140242094348,1.0,0.18957959383999246
4.7700000000000005,0.44299614750600474,0.18407080186890995,1.0,0.1871833034143453
4.78,0.44540961289653497,0.18432972721454705,1.0,0.2151185352990994
4.79,0.44783169874202067,0.18459080710022904,1.0,0.1957865562145748
4.8,0.4502620225670289,0.18485404799187083,1.0,0.18357487207706316
4.8100000000000005,0.4527002005952551,0.185119455966446,1.0,0.17556405156044175
4.82,0.45514584781012385,0.18538703671107482,1.0,0.16932257350849908
4.83,0.457598578015589,0.18565679552217387,1.0,0.1876914318808461
4.84,0.46005800389711854,0.1859287373046673,1.0,0.17836522985182426
4.8500000000000005,0.4625237370828552,0.18620286657125976,1.0,0.17198032947528302
4.86,0.4649953882049448,0.18647918744177136,1.0,0.1800134585993461
4.87,0.4674725669610233,0.18675770364253452,1.0,0.17594222360639059
4.88,0.46995488217584847,0.187038418505853,1.0,0.20390983485657865
4.89,0.4724419418630723,0.187321334969523,1.0,0.1961377325390175
4.9,0.47493335328713926,0.18760645557641656,1.0,0.1875267291632504
4.91,0.4774287230253036,0.18789378247412727,1.0,0.20269322386302754
4.92,0.479927657029757,0.18818331741467845,1.0,0.18895700049115463
4.93,0.48242976068985116,0.18847506175429352,1.0,0.17986221974101088
4.94,0.48493463889441346,0.18876901645322908,1.0,0.20400025722592566
4.95,0.48744189609413735,0.18906518207567027,1.0,0.19445428251251687
4.96,0.48995113636404597,0.18936355878968875,1.0,0.17899109724642417
4.97,0.49246196346601295,0.18966414636726311,1.0,0.18776075958642705
4.98,0.4949739809113326,0.18996694418436186,1.0,0.18121076165051428
4.99,0.4974867920233294,0.19027195122108884,1.0,0.17644395391144546
5.0,0.49999999999999994,0.19057916606189107,1.0,0.1998409415372075
5.01,0.5025132079766705,0.1908885868958292,1.0,0.20998275330053048
5.0200000000000005,0.5050260190886675,0.19120021151691002,1.0,0.17721453577871862
5.03,0.5075380365339869,0.19151403732448177,1.0,0.1971437296913875
5.04,0.5100488636359539,0.19183006132369126,1.0,0.185323635632473
5.05,0.5125581039058625,0.19214828012600352,1.0,0.18727702628835655
5.0600000000000005,0.5150653611055866,0.1924686899497834,1.0,0.1865447507073947
5.07,0.5175702393101488,0.1927912866209392,1.0,0.18415137892414105
5.08,0.520072342970243,0.1931160655736284,1.0,0.19360128185307668
5.09,0.5225712769746963,0.19344302185102502,1.0,0.18513352068691463
5.1000000000000005,0.525066646712861,0.1937721501061487,1.0,0.1964767183639471
5.11,0.5275580581369276,0.19410344460275542,1.0,0.19360106350826403
5.12,0.5300451178241514,0.1944368992162896,1.0,0.1920474187476255
5.13,0.5325274330389766,0.19477250743489746,1.0,0.1856968708144815
5.14,0.5350046117950551,0.19511026236050155,1.0,0.18934254905481823
5.15,0.537476262917145,0.1954501567099361,1.0,0.20300406896819365
5.16,0.5399419961028813,0.1957921828161433,1.0,0.2008013546923871
5.17,0.5424014219844109,0.19613633262943003,1.0,0.18636078018144453
5.18,0.544854152189876,0.196482597718785,1.0,0.19747592077307727
5.19,0.5472997994047449,0.1968309692732561,1.0,0.204344840506974
5.2,0.5497379774329709,0.1971814381033876,1.0,0.18048738529217387
5.21,0.5521683012579792,0.19753399464271718,1.0,0.20296759656651653
5.22,0.554590387103465,0.19788862894933243,1.0,0.19126239135987397
5.23,0.5570038524939953,0.19824533070748657,1.0,0.20395131739341815
5.24,0.5594083163154069,0.19860408922927308,1.0,0.1909714976638479
5.25,0.5618033988749894,0.1989648934563592,1.0,0.18091607244971403
5.26,0.5641887219614419,0.19932773196177783,1.0,0.18305230758294622
5.2700000000000005,0.5665639089045973,0.1996925929517775,1.0,0.2001734424183913
5.28,0.5689285846349035,0.2000594642677303,1.0,0.20265668928494512
5.29,0.5712823757426502,0.20042833338809748,1.0,0.1913851671370534
5.3,0.5736249105369354,0.20079918743045203,1.0,0.20718511201822576
5.3100000000000005,0.5759558191043603,0.2011720131535585,1.0,0.18455681253086892
5.32,0.5782747333674406,0.2015467969595093,1.0,0.20088599897303613
5.33,0.5805812871427325,0.20192352489591725,1.0,0.18981336289829268
5.34,0.5828751161986568,0.20230218265816408,1.0,0.1957838215801425
5.3500000000000005,0.5851558583130146,0.20268275559170457,1.0,0.20315674230486871
5.36,0.5874231533301866,0.20306522869442586,1.0,0.19446109504158635
5.37,0.5896766432180065,0.20344958661906162,1.0,0.19960403117676337
5.38,0.5919159721242975,0.20383581367566056,1.0,0.21389874176780496
5.39,0.5941407864330664,0.2042238938341092,1.0,0.1984549751388777
5.4,0.5963507348203432,0.20461381072670815,1.0,0.21297073184735957
5.41,0.5985454683096583,0.20500554765080178,1.0,0.19370847910422562
5.42,0.6007246403271521,0.20539908757146064,1.0,0.21069712935061347
5.43,0.6028879067563011,0.20579441312421634,1.0,0.22021009933079536
5.44,0.6050349259922592,0.20619150661784844,1.0,0.18147506161657553
5.45,0.6071653589957994,0.20659035003722284,1.0,0.1986213974825181
5.46,0.6092788693468537,0.2069909250461814,1.0,0.2127616463179868
5.47,0.6113751232976375,0.20739321299048208,1.0,0.20536275913005214
5.48,0.6134537898253514,0.20779719490078924,1.0,0.21150865363450233
5.49,0.6155145406844534,0.2082028514957138,1.0,0.20216299962855558
5.5,0.6175570504584946,0.20861016318490253,1.0,0.2094760610596315
5.51,0.6195809966115038,0.2090191100721761,1.0,0.2074623377182553
5.5200000000000005,0.6215860595389211,0.20942967195871542,1.0,0.2211074925753135
5.53,0.6235719226180669,0.20984182834629564,1.0,0.21238603677930776
5.54,0.6255382722581402,0.2102555584405674,1.0,0.2136315850613194
5.55,0.6274847979497379,0.21067084115438497,1.0,0.2065520714931603
5.5600000000000005,0.629411192313889,0.21108765511118033,1.0,0.2062115928704554
5.57,0.6313171511505914,0.21150597864838303,1.0,0.20718039677018682
5.58,0.6332023734868503,0.21192578982088522,1.0,0.21587031124466818
5.59,0.6350665616242048,0.2123470664045512,1.0,0.20813722159634857
5.6000000000000005,0.6369094211857379,0.21276978589977086,1.0,0.215667534468735
5.61,0.6387306611625609,0.21319392553505684,1.0,0.23394793352151122
5.62,0.6405299939597698,0.21361946227068435,1.0,0.22233070930500126
5.63,0.642307135441857,0.21404637280237343,1.0,0.21078613748069502
5.64,0.6440618049775813,0.21447463356501292,1.0,0.22648677278665236
5.65,0.6457937254842824,0.21490422073642548,1.0,0.21082346700620996
5.66,0.6475026234716348,0.21533511024117333,1.0,0.19495386488939478
5.67,0.6491882290848364,0.2157672777544038,1.0,0.20568641464522974
5.68,0.6508502761472206,0.21620069870573422,1.0,0.19749277949547567
5.69,0.6524885022022896,0.2166353482831757,1.0,0.21312021344276263
5.7,0.6541026485551579,0.21707120143709482,1.0,0.21725538522899035
5.71,0.6556924603134047,0.2175082328842129,1.0,0.23427260600696573
5.72,0.6572576864273237,0.2179464171116421,1.0,0.22121569084928372
5.73,0.6587980797295672,0.21838572838095777,1.0,0.21619472309286913
5.74,0.6603133969741752,0.21882614073230638,1.0,0.22712019654414128
5.75,0.6618033988749894,0.21926762798854826,1.0,0.1971562748984694
5.76,0.6632678501434368,0.2197101637594347,1.0,0.22206630934052035
5.7700000000000005,0.6647065195256855,0.22015372144581868,1.0,0.22786237338468834
5.78,0.6661191798391626,0.22059827424389855,1.0,0.20581241178610013
5.79,0.6675056080084284,0.22104379514949382,1.0,0.23248133558156311
5.8,0.668865585100403,0.22149025696235275,1.0,0.2248752210372969
5.8100000000000005,0.6701988963589385,0.2219376322904908,1.0,0.21778475315148277
5.82,0.6715053312387305,0.22238589355455923,1.0,0.2287137122156221
5.83,0.672784683438567,0.2228350129922434,1.0,0.24554194157028736
5.84,0.6740367509339051,0.2232849626626897,1.0,0.22510362521327468
5.8500000000000005,0.6752613360087728,0.22373571445096094,1.0,0.2262179203139643
5.86,0.6764582452869907,0.22418724007251875,1.0,0.2195936310771163
5.87,0.6776272897627089,0.22463951107773322,1.0,0.2161410673830853
5.88,0.6787682848302528,0.2250924988564182,1.0,0.23339585702186064
5.89,0.6798810503132742,0.22554617464239202,1.0,0.21698533638330333
5.9,0.6809654104932039,0.2260005095180629,1.0,0.2267161718902568
5.91,0.6820211941369991,0.22645547441903802,1.0,0.22167889995138684
5.92,0.6830482345241835,0.226911040138756,1.0,0.2317008383962199
5.93,0.684046369473174,0.2273671773331414,1.0,0.23070379838601088
5.94,0.6850154413668916,0.22782385652528145,1.0,0.23819925596786043
5.95,0.6859552971776504,0.22828104811012306,1.0,0.2231808841215756
5.96,0.6868657884913224,0.2287387223591906,1.0,0.2260399730062569
5.97,0.6877467715307748,0.22919684942532273,1.0,0.21940921226749965
5.98,0.688598107178573,0.22965539934742818,1.0,0.22521246674666706
5.99,0.6894196609989488,0.23011434205525932,1.0,0.23388734698570784
6.0,0.6902113032590307,0.23057364737420302,1.0,0.23814353354065654
6.01,0.6909729089493286,0.23103328503008785,1.0,0.2218116317883116
6.0200000000000005,0.6917043578034752,0.2314932246540071,1.0,0.2401892838550637
6.03,0.6924055343172172,0.23195343578715658,1.0,0.24550981437520608
6.04,0.6930763277666547,0.23241388788568665,1.0,0.23654823691792365
6.05,0.6937166322257262,0.23287455032556761,1.0,0.2516425084511483
6.0600000000000005,0.6943263465829348,0.23333539240746778,1.0,0.22559750041643206
6.07,0.6949053745573155,0.23379638336164324,1.0,0.22134983632852906
6.08,0.6954536247136387,0.2342574923528389,1.0,0.21647028986379613
6.09,0.6959710104768494,0.2347186884851997,1.0,0.24967913160009153
6.1000000000000005,0.6964574501457378,0.23517994080719135,1.0,0.24172359737073193
6.11,0.6969128669058411,0.2356412183165299,1.0,0.23508537160742535
6.12,0.6973371888415736,0.2361024899651192,1.0,0.23890217622831741
6.13,0.6977303489475828,0.23656372466399567,1.0,0.22530883419101191
6.140000000000001,0.6980922851393303,0.23702489128827925,1.0,0.26148241108444753
6.15,0.6984229402628956,0.2374859586821303,1.0,0.23877817050188258
6.16,0.6987222621040017,0.23794689566371105,1.0,0.23904084360975997
6.17,0.6989902033962601,0.23840767103015134,1.0,0.24566533726913825
6.18,0.6992267218286345,0.23886825356251745,1.0,0.24367834587988457
6.19,0.6994317800521228,0.23932861203078357,1.0,0.24156745227357487
6.2,0.6996053456856544,0.2397887151988049,1.0,0.2318839706443518
6.21,0.6997473913212036,0.24024853182929176,1.0,0.24496321540065172
6.22,0.6998578945281179,0.2407080306887837,1.0,0.25952827565353404
6.23,0.6999368378566599,0.241167180552623,1.0,0.2546213810141728
6.24,0.6999842088407633,0.24162595020992705,1.0,0.25755781647632103
6.25,0.7,0.24208430846855788,1.0,0.23697215170424604
6.26,0.6999842088407633,0.24254222416008933,1.0,0.23264617595750353
6.2700000000000005,0.6999368378566599,0.24299966614477,1.0,0.2417417969437735
6.28,0.6998578945281179,0.2434566033164819,1.0,0.24401385243936882
6.29,0.6997473913212036,0.24391300460769352,1.0,0.254854919792403
6.3,0.6996053456856544,0.24436883899440703,1.0,0.22744419269725885
6.3100000000000005,0.6994317800521228,0.24482407550109828,1.0,0.2601195786957044
6.32,0.6992267218286345,0.2452786832056493,1.0,0.2436986042198594
6.33,0.6989902033962601,0.24573263124427228,1.0,0.24146382054479806
6.34,0.6987222621040017,0.24618588881642425,1.0,0.23606484506382258
6.3500000000000005,0.6984229402628955,0.24663842518971182,1.0,0.23008985847105412
6.36,0.6980922851393303,0.247090209704785,1.0,0.25532191554440414
6.37,0.6977303489475828,0.24754121178021957,1.0,0.24827439145210362
6.38,0.6973371888415736,0.24799140091738692,1.0,0.23509179191997637
6.390000000000001,0.6969128669058411,0.2484407467053111,1.0,0.23548995898467495
6.4,0.6964574501457377,0.24888921882551163,1.0,0.24553137183261034
6.41,0.6959710104768494,0.24933678705683185,1.0,0.26602700230972576
6.42,0.6954536247136387,0.24978342128025185,1.0,0.2471875077666158
6.43,0.6949053745573155,0.2502290914836852,1.0,0.23519766195250416
6.44,0.6943263465829348,0.25067376776675887,1.0,0.24821633712589944
6.45,0.6937166322257262,0.25111742034557505,1.0,0.24839018464809834
6.46,0.6930763277666548,0.2515600195574552,1.0,0.2245911531280395
6.47,0.6924055343172172,0.25200153586566443,1.0,0.2514585872004863
6.48,0.6917043578034752,0.252441939864116,1.0,0.25013259456202924
6.49,0.6909729089493286,0.25288120228205535,1.0,0.2598432659301895
6.5,0.6902113032590307,0.2533192939887226,1.0,0.2718088549381761
6.51,0.6894196609989489,0.25375618599799293,1.0,0.2650218362934705
6.5200000000000005,0.688598107178573,0.2541918494729939,1.0,0.2515029625674456
6.53,0.6877467715307749,0.25462625573069947,1.0,0.24356099664328276
6.54,0.6868657884913224,0.25505937624649955,1.0,0.28079297427899813
6.55,0.6859552971776504,0.2554911826587444,1.0,0.2560833669988893
6.5600000000000005,0.6850154413668916,0.2559216467732633,1.0,0.25606093969239274
6.57,0.6840463694731741,0.2563507405678569,1.0,0.25610948969675684
6.58,0.6830482345241835,0.2567784361967622,1.0,0.25875928380444074
6.59,0.6820211941369991,0.25720470599508966,1.0,0.2557611018758502
6.6000000000000005,0.6809654104932039,0.25762952248323157,1.0,0.2518929024144292
6.61,0.6798810503132742,0.25805285837124153,1.0,0.2525842689588376
6.62,0.6787682848302529,0.25847468656318356,1.0,0.2581471538610236
6.63,0.6776272897627089,0.2588949801614506,1.0,0.25346073245011297
6.640000000000001,0.6764582452869905,0.2593137124710519,1.0,0.25218525464428027
6.65,0.6752613360087727,0.25973085700386783,1.0,0.2607951592807868
6.66,0.6740367509339051,0.2601463874828727,1.0,0.2575966153086642
6.67,0.6727846834385672,0.26056027784632374,1.0,0.2756002077321506
6.68,0.6715053312387305,0.260972502251916,1.0,0.23446280416798587
6.69,0.6701988963589383,0.26138303508090277,1.0,0.2722981036001274
6.7,0.6688655851004031,0.2617918509421808,1.0,0.27425270286715714
6.71,0.6675056080084284,0.26219892467633904,1.0,0.24146502235225753
6.72,0.6661191798391626,0.26260423135967115,1.0,0.25917735541886766
6.73,0.6647065195256856,0.26300774630815066,1.0,0.25929333764819273
6.74,0.6632678501434368,0.2634094450813682,1.0,0.24933432813419
6.75,0.6618033988749895,0.2638093034864303,1.0,0.2560311366105215
6.76,0.6603133969741755,0.2642072975818188,1.0,0.25310153912716055
6.7700000000000005,0.658798079729567,0.26460340368121116,1.0,0.28212610811544736
6.78,0.6572576864273239,0.2649975983572595,1.0,0.2743543822887341
6.79,0.6556924603134047,0.2653898584453296,1.0,0.2781054093952712
6.8,0.654102648555158,0.26578016104719765,1.0,0.27299688168763
6.8100000000000005,0.6524885022022895,0.2661684835347056,1.0,0.25487796582253336
6.82,0.6508502761472208,0.2665548035533732,1.0,0.2613096008905755
6.83,0.6491882290848363,0.266939099025967,1.0,0.2718328446382462
6.84,0.6475026234716348,0.2673213481560259,1.0,0.25510007006710644
6.8500000000000005,0.6457937254842823,0.26770152943134146,1.0,0.27483151373306536
6.86,0.6440618049775814,0.2680796216273944,1.0,0.26567636764581304
6.87,0.6423071354418572,0.26845560381074457,1.0,0.2647073957352486
6.88,0.6405299939597698,0.2688294553423757,1.0,0.2759390550244106
6.890000000000001,0.6387306611625608,0.2692011558809931,1.0,0.27364378899585345
6.9,0.6369094211857377,0.26957068538627466,1.0,0.26596102372808383
6.91,0.6350665616242049,0.2699380241220741,1.0,0.28153132215571663
6.92,0.6332023734868505,0.2703031526595763,1.0,0.2594925193835773
6.93,0.6313171511505913,0.27066605188040355,1.0,0.27682540794984617
6.94,0.6294111923138888,0.27102670297967374,1.0,0.27695771555935755
6.95,0.627484797949738,0.27138508746900797,1.0,0.26828962307586807
6.96,0.6255382722581402,0.2717411871794887,1.0,0.2750025174019099
6.97,0.6235719226180668,0.27209498426456735,1.0,0.2595838485007143
6.98,0.6215860595389212,0.2724464612029209,1.0,0.2816867313949899
6.99,0.6195809966115037,0.27279560080125687,1.0,0.270946579436827
7.0,0.6175570504584946,0.2731423861970671,1.0,0.2679151559918767
7.01,0.6155145406844538,0.27348680086132854,1.0,0.2839768931196974
7.0200000000000005,0.6134537898253514,0.27382882860115165,1.0,0.2667853916957241
7.03,0.6113751232976378,0.27416845356237585,1.0,0.26008384059874023
7.04,0.6092788693468538,0.2745056602321111,1.0,0.25893936849687205
7.05,0.6071653589957995,0.27484043344122583,1.0,0.2809005329546822
7.0600000000000005,0.6050349259922592,0.2751727583667804,1.0,0.2623684648418176
7.07,0.6028879067563013,0.2755026205344059,1.0,0.29305056235424953
7.08,0.6007246403271521,0.2758300058206278,1.0,0.2550107117417906
7.09,0.5985454683096584,0.2761549004551343,1.0,0.2931194641380347
7.1000000000000005,0.596350734820343,0.27647729102298885,1.0,0.278587465695015
7.11,0.5941407864330666,0.2767971644667862,1.0,0.27583003334808226
7.12,0.5919159721242977,0.2771145080887525,1.0,0.271665317220663
7.13,0.5896766432180064,0.27742930955278805,1.0,0.2814206706963088
7.140000000000001,0.5874231533301864,0.27774155688645324,1.0,0.27736520986220475
7.15,0.5851558583130145,0.278051238482897,1.0,0.2890842573030622
7.16,0.582875116198657,0.2783583431027271,1.0,0.2795006195893475
7.17,0.5805812871427327,0.27866285987582307,1.0,0.28016587749044186
7.18,0.5782747333674405,0.27896477830308997,1.0,0.2753286561809514
7.19,0.5759558191043601,0.2792640882581543,1.0,0.27869463202094363
7.2,0.5736249105369355,0.27956077998900053,1.0,0.2826387976779211
7.21,0.5712823757426503,0.2798548441195485,1.0,0.2627531601929822
7.22,0.5689285846349034,0.28014627165117156,1.0,0.26666441743011443
7.23,0.5665639089045974,0.2804350539641553,1.0,0.28786769490438247
7.24,0.5641887219614419,0.28072118281909575,1.0,0.2824298372003752
7.25,0.5618033988749895,0.2810046503582381,1.0,0.2791648169947113
7.26,0.5594083163154072,0.28128544910675485,1.0,0.2814697884374088
7.2700000000000005,0.5570038524939953,0.2815635719739635,1.0,0.2850393890275802
7.28,0.5545903871034652,0.2818390122544835,1.0,0.2764414154513899
7.29,0.5521683012579793,0.2821117636293325,1.0,0.27432871637530937
7.3,0.5497379774329711,0.2823818201669611,1.0,0.28434027271793794
7.3100000000000005,0.5472997994047448,0.28264917632422715,1.0,0.2728654485480768
7.32,0.5448541521898763,0.28291382694730766,1.0,0.2869963545044524
7.33,0.5424014219844109,0.2831757672725502,1.0,0.26614993123017183
7.34,0.5399419961028815,0.2834349929272621,1.0,0.29372654930051856
7.3500000000000005,0.5374762629171448,0.28369149993043774,1.0,0.2884174747545682
7.36,0.5350046117950552,0.28394528469342445,1.0,0.2865055820365632
7.37,0.5325274330389769,0.28419634402052607,1.0,0.2940232538599812
7.38,0.5300451178241514,0.2844446751095445,1.0,0.3010994195541703
7.390000000000001,0.5275580581369274,0.2846902755522591,1.0,0.29483397620244045
7.4,0.5250666467128607,0.28493314333484376,1.0,0.2665244010215273
7.41,0.5225712769746964,0.2851732768382218,1.0,0.2723775071708648
7.42,0.5200723429702432,0.2854106748383583,1.0,0.2791624890614015
7.43,0.5175702393101487,0.2856453365064902,1.0,0.28590624700859857
7.44,0.5150653611055864,0.28587726140929387,1.0,0.2910538516139851
7.45,0.5125581039058626,0.28610644950899017,1.0,0.2788490113774555
7.46,0.510048863635954,0.28633290116338705,1.0,0.28820056880815786
7.47,0.5075380365339869,0.2865566171258596,1.0,0.2790027878023264
7.48,0.5050260190886676,0.28677759854526774,1.0,0.2806624205153483
7.49,0.5025132079766704,0.28699584696581115,1.0,0.27292923599732893
7.5,0.5000000000000001,0.28721136432682204,1.0,0.277979031865713
7.51,0.4974867920233297,0.28742415296249524,1.0,0.2739073069063319
7.5200000000000005,0.49497398091133255,0.28763421560155605,1.0,0.2778754830717827
7.53,0.4924619634660133,0.28784155536686584,1.0,0.29837797333294425
7.54,0.4899511363640461,0.288046175774965,1.0,0.27855218688664557
7.55,0.48744189609413746,0.2882480807355541,1.0,0.314571901383928
7.5600000000000005,0.4849346388944134,0.2884472745509127,1.0,0.2933804535597216
7.57,0.48242976068985144,0.2886437619152562,1.0,0.29049212315220496
7.58,0.4799276570297569,0.2888375479140308,1.0,0.2802539701122187
7.59,0.4774287230253037,0.28902863802314654,1.0,0.29603173681723643
7.6000000000000005,0.47493335328713904,0.2892170381081487,1.0,0.28346065984577096
7.61,0.4724419418630724,0.2894027544233277,1.0,0.2906228525697813
7.62,0.46995488217584874,0.2895857936107674,1.0,0.31518663899345534
7.63,0.46747256696102324,0.2897661626993325,1.0,0.288805563702086
7.640000000000001,0.46499538820494457,0.28994386910359415,1.0,0.3014366023664509
7.65,0.462523737082855,0.2901189206226955,1.0,0.2830871563714366
7.66,0.4600580038971187,0.29029132543915565,1.0,0.289941440534186
7.67,0.45759857801558934,0.2904610921176136,1.0,0.30816909847396873
7.68,0.4551458478101238,0.2906282296035116,1.0,0.2843585590256339
7.69,0.4527002005952549,0.2907927472217182,1.0,0.3089172328016875
7.7,0.4502620225670291,0.29095465467509174,1.0,0.2980321740296465
7.71,0.4478316987420208,0.2911139620429837,1.0,0.285489294284041
7.72,0.4454096128965349,0.29127067977968274,1.0,0.2975947571702379
7.73,0.4429961475060049,0.29142481871279957,1.0,0.30115036320906685
7.74,0.44059168368459295,0.2915763900415928,1.0,0.29779448966376476
7.75,0.4381966011250106,0.2917254053352358,1.0,0.2760231581363312
7.76,0.43581127803855835,0.29187187653102553,1.0,0.2846005047727768
7.7700000000000005,0.4334360910954027,0.29201581593253306,1.0,0.28954062957701804
7.78,0.43107141536509674,0.29215723620769596,1.0,0.2914129019166955
7.79,0.4287176242573498,0.29229615038685336,1.0,0.29850287136236014
7.8,0.42637508946306457,0.29243257186072386,1.0,0.2942095818700564
7.8100000000000005,0.4240441808956397,0.2925665143783262,1.0,0.2792130707912252
7.82,0.4217252666325596,0.29269799204484354,1.0,0.2964999705549032
7.83,0.4194187128572674,0.2928270193194312,1.0,0.29893287677226943
7.84,0.4171248838013432,0.2929536110129691,1.0,0.2985515154922795
7.8500000000000005,0.41484414168698536,0.2930777822857574,1.0,0.3038855895413036
7.86,0.4125768466698134,0.2931995486451587,1.0,0.30153877019064773
7.87,0.4103233567819937,0.2933189259431833,1.0,0.2979107267354677
7.88,0.4080840278757024,0.2934359303740221,1.0,0.29273427325943563
7.890000000000001,0.4058592135669333,0.29355057847152377,1.0,0.27694096913636385
7.9,0.4036492651796569,0.2936628871066192,1.0,0.2979590692979451
7.91,0.40145453169034173,0.2937728734846922,1.0,0.2958497503563233
7.92,0.39927535967284805,0.29388055514289785,1.0,0.2965963435148516
7.930000000000001,0.3971120932436988,0.29398594994742777,1.0,0.2812184641892247
7.94,0.3949650740077407,0.29408907609072404,1.0,0.2832785106866414
7.95,0.3928346410042007,0.29418995208864107,1.0,0.30472148062197013
7.96,0.3907211306531463,0.29428859677755664,1.0,0.29389304523899007
7.97,0.38862487670236234,0.29438502931143223,1.0,0.30120003628515846
7.98,0.3865462101746488,0.29447926915882316,1.0,0.29476245292012776
7.99,0.3844854593155464,0.294571336099839,1.0,0.29486889749479644
8.0,0.38244294954150543,0.29466125022305467,1.0,0.30404408828281465
8.01,0.38041900338849644,0.2947490319223731,1.0,0.2895885846401994
8.02,0.37841394046107896,0.29483470189383926,1.0,0.2957959096632491
8.03,0.3764280773819333,0.2949182811324065,1.0,0.29029552824535604
8.040000000000001,0.37446172774185993,0.294999790928656,1.0,0.29065482865433284
8.05,0.3725152020502619,0.2950792528654692,1.0,0.29198753163078284
8.06,0.37058880768611113,0.295156688814654,1.0,0.29737802653099116
8.07,0.3686828488494088,0.29523212093352547,1.0,0.2904446347168907
8.08,0.3667976265131496,0.29530557166144134,1.0,0.30786313291717654
8.09,0.36493343837579517,0.295377063716293,1.0,0.286430990694098
8.1,0.36309057881426243,0.2954466200909525,1.0,0.29357790364933894
8.11,0.3612693388374393,0.29551426404967585,1.0,0.2911169534669341
8.120000000000001,0.35947000604023005,0.29558001912446363,1.0,0.310049797968001
8.13,0.35769286455814286,0.2956439091113794,1.0,0.29760945687649515
8.14,0.35593819502241847,0.29570595806682615,1.0,0.3060244034615125
8.15,0.3542062745157176,0.29576619030378176,1.0,0.28091058657341206
8.16,0.35249737652836527,0.29582463038799367,1.0,0.29849513304668623
8.17,0.3508117709151637,0.295881303134134,1.0,0.3047776110903684
8.18,0.34914972385277926,0.29593623360191507,1.0,0.2967590734946693
8.19,0.3475114977977105,0.29598944709216596,1.0,0.3066442508428195
8.2,0.34589735144484235,0.2960409691428715,1.0,0.29086808464186775
8.21,0.3443075396865952,0.29609082552517346,1.0,0.3101842999270293
8.22,0.34274231357267615,0.2961390422393349,1.0,0.3191280234755274
8.23,0.341201920270433,0.2961856455106682,1.0,0.2925572599062716
8.24,0.33968660302582465,0.296230661785428,1.0,0.2917756365714203
8.25,0.33819660112501054,0.2962741177266684,1.0,0.3108079624978454
8.26,0.3367321498565633,0.29631604021006674,1.0,0.31211176166737387
8.27,0.3352934804743145,0.29635645631971325,1.0,0.2911278560481806
8.28,0.33388082016083753,0.29639539334386783,1.0,0.29219352517290925
8.290000000000001,0.3324943919915716,0.2964328787706848,1.0,0.2936150326820797
8.3,0.33113441489959683,0.2964689402839057,1.0,0.2830244351735629
8.31,0.32980110364106163,0.29650360575852136,1.0,0.28731708629367936
8.32,0.3284946687612696,0.2965369032564039,1.0,0.28649549558888326
8.33,0.3272153165614329,0.29656886102190877,1.0,0.2888908853708675
8.34,0.32596324906609486,0.2965995074774483,1.0,0.29625265860358047
8.35,0.3247386639912274,0.2966288712190369,1.0,0.2989710185444021
8.36,0.3235417547130095,0.2966569810118091,1.0,0.31216198593994987
8.370000000000001,0.32237271023729097,0.2966838657855103,1.0,0.2867003253781224
8.38,0.32123171516974725,0.29670955462996207,1.0,0.3065527786147279
8.39,0.3201189496867257,0.29673407679050184,1.0,0.29459418834824674
8.4,0.3190345895067961,0.29675746166339806,1.0,0.29626282456687375
8.41,0.31797880586300087,0.2967797387912415,1.0,0.30352793371290754
8.42,0.3169517654758166,0.29680093785831324,1.0,0.28557371764269024
8.43,0.3159536305268259,0.29682108868593077,1.0,0.30064518614777125
8.44,0.3149845586331085,0.29684022122777165,1.0,0.29850474330990223
8.45,0.31404470282234986,0.296858365565177,1.0,0.30178287820525845
8.46,0.3131342115086775,0.29687555190243414,1.0,0.2997672383415123
8.47,0.31225322846922515,0.2968918105620404,1.0,0.3214448119611493
8.48,0.31140189282142716,0.2969071719799476,1.0,0.2905297721374344
8.49,0.3105803390010511,0.29692166670078907,1.0,0.2916116971507709
8.5,0.3097886967409693,0.2969353253730893,1.0,0.29070392010884166
8.51,0.3090270910506715,0.29694817874445717,1.0,0.29139340755285464
8.52,0.30829564219652483,0.29696025765676337,1.0,0.2905863863836982
8.53,0.30759446568278287,0.2969715930413031,1.0,0.3088617583523786
8.540000000000001,0.3069236722333452,0.2969822159139446,1.0,0.31118725839384315
8.55,0.3062833677742737,0.29699215737026396,1.0,0.2912846944327692
8.56,0.3056736534170652,0.29700144858066796,1.0,0.2886778928496257
8.57,0.3050946254426846,0.2970101207855044,1.0,0.30172427634936844
8.58,0.3045463752863613,0.29701820529016154,1.0,0.29149597484735185
8.59,0.3040289895231506,0.29702573346015776,1.0,0.30335505163771287
8.6,0.3035425498542623,0.29703273671622077,1.0,0.29906196692473375
8.61,0.303087133094159,0.2970392465293588,1.0,0.2818818053793865
8.620000000000001,0.3026628111584263,0.2970452944159236,1.0,0.3125203464292242
8.63,0.3022696510524172,0.2970509119326661,1.0,0.3150096886636213
8.64,0.3019077148606697,0.2970561306717858,1.0,0.290928243766942
8.65,0.3015770597371044,0.2970609822559747,1.0,0.2931839666566149
8.66,0.3012777378959983,0.29706549833345586,1.0,0.2999241522407049
8.67,0.30100979660373994,0.2970697105730184,1.0,0.30041427847288865
8.68,0.3007732781713655,0.2970736506590491,1.0,0.3036590933857774
8.69,0.3005682199478772,0.29707735028656146,1.0,0.31717939567422493
8.700000000000001,0.30039465431434564,0.2970808411562228,1.0,0.2953113688812823
8.71,0.30025260867879644,0.2970841549693809,1.0,0.28910118252399636
8.72,0.30014210547188214,0.2970873234230903,1.0,0.28329413114294505
8.73,0.30006316214334,0.2970903782051391,1.0,0.28978107780571993
8.74,0.30001579115923677,0.2970933509890773,1.0,0.2967620812603393
8.75,0.3,0.29709627342924744,1.0,0.3150418520644253
8.76,0.30001579115923677,0.2970991771558182,1.0,0.2919230641654565
8.77,0.30006316214334,0.2971020937698216,1.0,0.2993399732862106
8.78,0.30014210547188214,0.2971050548381951,1.0,0.29694082587746756
8.790000000000001,0.3002526086787965,0.2971080918888288,1.0,0.30899202462330966
8.8,0.3003946543143457,0.29711123640561876,1.0,0.322380560664355
8.81,0.3005682199478772,0.2971145198235275,1.0,0.29180583209432426
8.82,0.30077327817136545,0.2971179735236518,1.0,0.2922235790984696
8.83,0.30100979660373994,0.2971216288282995,1.0,0.30756323759899024
8.84,0.3012777378959983,0.297125516996075,1.0,0.3039444318923381
8.85,0.30157705973710436,0.2971296692169749,1.0,0.3155967424743353
8.86,0.3019077148606697,0.29713411660749506,1.0,0.3029733984607547
8.870000000000001,0.3022696510524172,0.29713889020574824,1.0,0.29354596929787763
8.88,0.3026628111584264,0.2971440209665949,1.0,0.30305056927351803
8.89,0.3030871330941589,0.29714953975678676,1.0,0.30823657556261586
8.9,0.30354254985426227,0.29715547735012415,1.0,0.3053602991620978
8.91,0.3040289895231506,0.29716186442262826,1.0,0.30223460473370123
8.92,0.30454637528636125,0.29716873154772877,1.0,0.3078354784436203
8.93,0.3050946254426845,0.2971761091914674,1.0,0.30886906509592416
8.94,0.30567365341706515,0.2971840277077186,1.0,0.3110056176180939
8.950000000000001,0.30628336777427384,0.297192517333428,1.0,0.30367961620932443
8.96,0.30692367223334527,0.2972016081838688,1.0,0.2955304273807003
8.97,0.3075944656827828,0.2972113302479183,1.0,0.29867846711225154
8.98,0.3082956421965248,0.2972217133833532,1.0,0.30928680304843675
8.99,0.3090270910506714,0.29723278731216635,1.0,0.289063430602294
9.0,0.3097886967409692,0.29724458161590483,1.0,0.30093131470463386
9.01,0.3105803390010511,0.2972571257310299,1.0,0.2933237376077563
9.02,0.31140189282142705,0.29727044894429994,1.0,0.2975578971736481
9.03,0.3122532284692251,0.29728458038817707,1.0,0.31006909901425006
9.040000000000001,0.3131342115086776,0.2972995490362581,1.0,0.2992105397164571
9.05,0.31404470282234975,0.2973153836987305,1.0,0.297779749180292
9.06,0.31498455863310837,0.2973321130178541,1.0,0.2837335516080549
9.07,0.3159536305268259,0.29734976546346936,1.0,0.3048123011237416
9.08,0.3169517654758165,0.2973683693285327,1.0,0.3038232111399435
9.09,0.3179788058630008,0.29738795272468,1.0,0.31902049995773457
9.1,0.319034589506796,0.2974085435778183,1.0,0.29433076122828833
9.11,0.3201189496867256,0.2974301696237473,1.0,0.2996216729003867
9.120000000000001,0.3212317151697473,0.29745285840381025,1.0,0.2999466952409178
9.13,0.3223727102372911,0.29747663726057616,1.0,0.3132511700582109
9.14,0.3235417547130094,0.2975015333335529,1.0,0.2965485780096834
9.15,0.3247386639912273,0.29752757355493237,1.0,0.30031778881263577
9.16,0.3259632490660948,0.29755478464536866,1.0,0.30363374974253404
9.17,0.32721531656143277,0.29758319310978937,1.0,0.29944928434135293
9.18,0.32849466876126954,0.297612825233241,1.0,0.2931484890877357
9.19,0.3298011036410615,0.297643707076769,1.0,0.29958460700575207
9.200000000000001,0.33113441489959716,0.29767586447333333,1.0,0.30841218197193104
9.21,0.3324943919915717,0.2977093230237596,1.0,0.28744417002964895
9.22,0.3338808201608375,0.2977441080927274,1.0,0.29907380483419616
9.23,0.3352934804743144,0.2977802448047955,1.0,0.2907790366554037
9.24,0.33673214985656325,0.297817758040465,1.0,0.30976822432971346
9.25,0.3381966011250105,0.2978566724322811,1.0,0.28262480338444335
9.26,0.33968660302582454,0.2978970123609738,1.0,0.29230779388825795
9.27,0.3412019202704329,0.2979388019516387,1.0,0.3017109207022839
9.28,0.3427423135726761,0.2979820650699575,1.0,0.3136373053623009
9.290000000000001,0.34430753968659533,0.2980268253184602,1.0,0.2973693227077303
9.3,0.34589735144484224,0.2980731060328283,1.0,0.2925211107658963
9.31,0.3475114977977104,0.2981209302782403,1.0,0.31693250097264625
9.32,0.34914972385277915,0.2981703208457598,1.0,0.28369018184159733
9.33,0.3508117709151636,0.2982213002487668,1.0,0.276233240682566
9.34,0.35249737652836516,0.2982738907194332,1.0,0.30267403521996655
9.35,0.3542062745157175,0.29832811420524213,1.0,0.29330757196171603
9.36,0.3559381950224183,0.29838399236555263,1.0,0.2881716641942455
9.370000000000001,0.35769286455814303,0.2984415465682095,1.0,0.305525111041203
9.38,0.35947000604023016,0.29850079788619943,1.0,0.3009388050239114
9.39,0.36126933883743917,0.29856176709435345,1.0,0.29292098078698614
9.4,0.3630905788142623,0.29862447466609654,1.0,0.2858214306793876
9.41,0.36493343837579506,0.2986889407702447,1.0,0.3074135140530462
9.42,0.3667976265131495,0.2987551852678503,1.0,0.30525719704743687
9.43,0.36868284884940866,0.2988232277090956,1.0,0.29783146907130176
9.44,0.37058880768611097,0.2988930873302359,1.0,0.3173594572907126
9.450000000000001,0.37251520205026234,0.29896478305059176,1.0,0.28826393538733025
9.46,0.37446172774186004,0.2990383334695914,1.0,0.283783081760344
9.47,0.3764280773819332,0.29911375686386366,1.0,0.29219467616505124
9.48,0.3784139404610788,0.2991910711843817,1.0,0.29873521102082673
9.49,0.38041900338849627,0.2992702940536584,1.0,0.30170368854688534
9.5,0.3824429495415053,0.29935144276299325,1.0,0.29693908218442994
9.51,0.3844854593155463,0.29943453426977173,1.0,0.3029550882349147
9.52,0.38654621017464863,0.29951958519481753,1.0,0.2870041909529131
9.53,0.38862487670236223,0.29960661181979736,1.0,0.31404425786053
9.540000000000001,0.3907211306531462,0.2996956300846799,1.0,0.2988741183007542
9.55,0.39283464100420085,0.29978665558524836,1.0,0.31095961390112964
9.56,0.3949650740077409,0.2998797035706673,1.0,0.3033069570344443
9.57,0.3971120932436986,0.29997478894110435,1.0,0.3045423211326422
9.58,0.3992753596728479,0.30007192624540696,1.0,0.305769599047729
9.59,0.4014545316903416,0.3001711296788344,1.0,0.30464821527900754
9.6,0.4036492651796567,0.3002724130808459,1.0,0.3066996406795213
9.61,0.4058592135669331,0.3003757899329447,1.0,0.31366731523426905
9.620000000000001,0.4080840278757026,0.3004812733565787,1.0,0.3024464850535934
9.63,0.41032335678199355,0.3005888761110978,1.0,0.3076789136869829
9.64,0.4125768466698136,0.3006986105917687,1.0,0.2998012536488965
9.65,0.4148441416869855,0.3008104888278468,1.0,0.3152116609823415
9.66,0.41712488380134305,0.3009245224807059,1.0,0.2941605994601132
9.67,0.41941871285726723,0.30104072284202654,1.0,0.3190501271711347
9.68,0.42172526663255944,0.3011591008320418,1.0,0.30075752132559835
9.69,0.42404418089563956,0.3012796669978423,1.0,0.28697191597666183
9.700000000000001,0.4263750894630647,0.3014024315117401,1.0,0.302683475660848
9.71,0.42871762425735005,0.3015274041696914,1.0,0.29471688759494263
9.72,0.43107141536509663,0.3016545943897791,1.0,0.31006102987966633
9.73,0.43343609109540254,0.30178401121075443,1.0,0.2952577714177305
9.74,0.4358112780385581,0.30191566329063907,1.0,0.29745382895849126
9.75,0.4381966011250104,0.302049558905387,1.0,0.28315415159593166
9.76,0.4405916836845928,0.30218570594760663,1.0,0.2976626427551159
9.77,0.4429961475060047,0.30232411192534364,1.0,0.27808531865905406
9.78,0.44540961289653475,0.3024647839609243,1.0,0.2866257557260671
9.790000000000001,0.4478316987420206,0.3026077287898599,1.0,0.3102118753513029
9.8,0.45026202256702924,0.30275295275981207,1.0,0.3106109543463204
9.81,0.45270020059525506,0.30290046182961927,1.0,0.3071550374474689
9.82,0.4551458478101236,0.3030502615683849,1.0,0.29338050013709277
9.83,0.4575985780155891,0.3032023571546266,1.0,0.30272524359320685
9.84,0.4600580038971185,0.30335675337548756,1.0,0.3033207279845819
9.85,0.4625237370828548,0.3035134546260092,1.0,0.2919298077340838
9.86,0.4649953882049444,0.30367246490846606,1.0,0.31870644792613756
9.870000000000001,0.46747256696102346,0.3038337878317625,1.0,0.31260741073751924
9.88,0.4699548821758486,0.3039974266108918,1.0,0.30178778487259517
9.89,0.4724419418630726,0.30416338406645677,1.0,0.30443224245640205
9.9,0.4749333532871392,0.3043316626242534,1.0,0.3064154907037289
9.91,0.47742872302530354,0.3045022643149163,1.0,0.2840849156306734
9.92,0.47992765702975676,0.30467519077362665,1.0,0.3022034169484207
9.93,0.4824297606898513,0.30485044323988275,1.0,0.2980306007599048
9.94,0.48493463889441324,0.30502802255733275,1.0,0.2950118224583836
9.950000000000001,0.48744189609413763,0.30520792917366985,1.0,0.3023969262448103
9.96,0.48995113636404625,0.3053901631405903,1.0,0.32336702840908554
9.97,0.4924619634660131,0.30557472411381376,1.0,0.31198315272648386
9.98,0.4949739809113324,0.30576161135316593,1.0,0.300049821455338
9.99,0.4974867920233295,0.3059508237227241,1.0,0.31167665153628565
10.0,0.4999999999999999,0.3061423596910247,2.0,0.32013591405688474
10.01,0.5025132079766703,0.30603007497164264,2.0,0.3152764118007703
10.02,0.5050260190886674,0.305920528029676,2.0,0.3065168317288777
10.03,0.5075380365339867,0.3058137129927053,2.0,0.29934434521564957
10.040000000000001,0.5100488636359539,0.3057096236032539,2.0,0.31269185673938976
10.05,0.5125581039058629,0.3056082532196833,2.0,0.3095431070739008
10.06,0.5150653611055865,0.30550959481714984,2.0,0.3144615270174272
10.07,0.5175702393101486,0.3054136409886211,2.0,0.31176535900544083
10.08,0.5200723429702431,0.305320383945954,2.0,0.31581591109914736
10.09,0.5225712769746963,0.30522981552103234,2.0,0.29987746340542665
10.1,0.5250666467128606,0.305141927166965,2.0,0.31831586782330823
10.11,0.5275580581369272,0.3050567099593439,2.0,0.3070327060062679
10.120000000000001,0.5300451178241515,0.30497415459756216,2.0,0.32572676332381484
10.13,0.5325274330389768,0.3048942514061912,2.0,0.2980023732252955
10.14,0.5350046117950554,0.3048169903364178,2.0,0.32217662836807026
10.15,0.537476262917145,0.30474236096754004,2.0,0.3067214688021665
10.16,0.5399419961028813,0.3046703525085221,2.0,0.29815617247237763
10.17,0.5424014219844107,0.30460095379960794,2.0,0.29976209545906474
10.18,0.5448541521898762,0.30453415331399314,2.0,0.30133068023204995
10.19,0.5472997994047447,0.304469939159555,2.0,0.30871159862357417
10.200000000000001,0.5497379774329713,0.30440829908064065,2.0,0.30963665396099566
10.21,0.5521683012579796,0.30434922045991236,2.0,0.2986122204205266
10.22,0.5545903871034651,0.3042926903202505,2.0,0.3040491443976407
10.23,0.5570038524939951,0.3042386953267135,2.0,0.32566139891283213
10.24,0.559408316315407,0.30418722178855406,2.0,0.32146265348956116
10.25,0.5618033988749894,0.3041382556612924,2.0,0.3085014923580327
10.26,0.5641887219614417,0.3040917825488448,2.0,0.3044718173305268
10.27,0.5665639089045973,0.3040477877057085,2.0,0.3052481009728911
10.28,0.5689285846349033,0.30400625603920167,2.0,0.3101414357665058
10.290000000000001,0.5712823757426502,0.30396717211175817,2.0,0.2937392464597741
10.3,0.5736249105369358,0.3039305201432773,2.0,0.3013567547690439
10.31,0.5759558191043602,0.3038962840135277,2.0,0.2872104432747518
10.32,0.5782747333674404,0.303864447264605,2.0,0.3078566784906578
10.33,0.5805812871427326,0.3038349931034432,2.0,0.3103069525004706
10.34,0.5828751161986567,0.30380790440437905,2.0,0.2989760397813853
10.35,0.5851558583130143,0.30378316371176894,2.0,0.31952303134466925
10.36,0.5874231533301862,0.30376075324265844,2.0,0.291503096612635
10.370000000000001,0.5896766432180066,0.3037406548895033,2.0,0.2890969060874051
10.38,0.5919159721242976,0.3037228502229423,2.0,0.30596736840854205
10.39,0.5941407864330667,0.30370732049462074,2.0,0.3141783035207423
10.4,0.5963507348203431,0.30369404664006455,2.0,0.32053332355464326
10.41,0.5985454683096583,0.30368300928160474,2.0,0.2990941666529153
10.42,0.600724640327152,0.3036741887313512,2.0,0.31446099706566416
10.43,0.6028879067563012,0.30366756499421566,2.0,0.30328248029920857
10.44,0.6050349259922589,0.30366311777098354,2.0,0.30193684477157534
10.450000000000001,0.6071653589957996,0.30366082646143383,2.0,0.3124974258363006
10.46,0.6092788693468539,0.30366067016750675,2.0,0.31018389895164095
10.47,0.6113751232976377,0.3036626276965186,2.0,0.2878987061266761
10.48,0.6134537898253511,0.30366667756442317,2.0,0.31843208106168214
10.49,0.6155145406844535,0.30367279799911967,2.0,0.3174737115405942
10.5,0.6175570504584945,0.30368096694380586,2.0,0.29742533992871056
10.51,0.6195809966115036,0.3036911620603768,2.0,0.3076491973947509
10.52,0.6215860595389211,0.3037033607328675,2.0,0.3086436625956949
10.53,0.6235719226180667,0.3037175400709407,2.0,0.30632427772917975
10.540000000000001,0.6255382722581401,0.3037336769134169,2.0,0.2982306253749627
10.55,0.6274847979497381,0.3037517478318482,2.0,0.2970355141524677
10.56,0.6294111923138889,0.30377172913413425,2.0,0.3035161884242198
10.57,0.6313171511505912,0.30379359686817986,2.0,0.3155208870607735
10.58,0.6332023734868504,0.3038173268255941,2.0,0.3092533283715384
10.59,0.6350665616242048,0.30384289454542973,2.0,0.3001367512245687
10.6,0.6369094211857376,0.30387027531796307,2.0,0.3115872624244465
10.61,0.6387306611625607,0.3038994441885129,2.0,0.27541401798221216
10.620000000000001,0.64052999395977,0.3039303759612984,2.0,0.3154180329650194
10.63,0.642307135441857,0.30396304520333556,2.0,0.28656590741555454
10.64,0.6440618049775815,0.30399742624837073,2.0,0.3003730168343394
10.65,0.6457937254842824,0.30403349320085155,2.0,0.2928367942545901
10.66,0.6475026234716347,0.30407121993993413,2.0,0.2911244051827251
10.67,0.6491882290848363,0.3041105801235259,2.0,0.3157188479973111
10.68,0.6508502761472207,0.30415154719236365,2.0,0.2994745351792447
10.69,0.6524885022022895,0.30419409437412614,2.0,0.3076591331914333
10.700000000000001,0.6541026485551581,0.3042381946875802,2.0,0.30376898889878834
10.71,0.6556924603134048,0.30428382094676015,2.0,0.3090542292189914
10.72,0.6572576864273239,0.30433094576518005,2.0,0.30509916467578263
10.73,0.6587980797295669,0.304379541560077,2.0,0.29154961931819134
10.74,0.6603133969741753,0.30442958055668645,2.0,0.31439224875115784
10.75,0.6618033988749894,0.30448103479254723,2.0,0.2995434689609341
10.76,0.6632678501434366,0.30453387612183713,2.0,0.2889680571352396
10.77,0.6647065195256855,0.3045880762197369,2.0,0.30030692461007774
10.78,0.6661191798391624,0.3046436065868231,2.0,0.3196512044931662
10.790000000000001,0.6675056080084283,0.3047004385534886,2.0,0.31320265597462355
10.8,0.6688655851004031,0.30475854328439006,2.0,0.30127202194031144
10.81,0.6701988963589384,0.3048178917829217,2.0,0.3013253147397374
10.82,0.6715053312387304,0.3048784548957148,2.0,0.30166210438354096
10.83,0.6727846834385671,0.3049402033171621,2.0,0.3257076831527705
10.84,0.6740367509339051,0.3050031075939663,2.0,0.30882246211628184
10.85,0.6752613360087726,0.3050671381297123,2.0,0.309367554601623
10.86,0.6764582452869905,0.3051322651894617,2.0,0.3154350997297801
10.870000000000001,0.677627289762709,0.30519845890436975,2.0,0.3075863504946349
10.88,0.6787682848302528,0.30526568927632375,2.0,0.3026752678181167
10.89,0.6798810503132743,0.30533392618260136,2.0,0.3033704276917516
10.9,0.6809654104932039,0.3054031393805494,2.0,0.3046871267864088
10.91,0.6820211941369991,0.3054732985122815,2.0,0.30510107614718307
10.92,0.6830482345241834,0.3055443731093939,2.0,0.31282066854576374
10.93,0.684046369473174,0.3056163325976993,2.0,0.3061357914557723
10.94,0.6850154413668915,0.3056891463019771,2.0,0.31301554707413287
10.950000000000001,0.6859552971776504,0.30576278345074004,2.0,0.30495561764965423
10.96,0.6868657884913225,0.3058372131810162,2.0,0.3066235650841771
10.97,0.6877467715307748,0.3059124045431455,2.0,0.2859303976978244
10.98,0.6885981071785728,0.30598832650559,2.0,0.3151516032526148
10.99,0.6894196609989489,0.30606494795975736,2.0,0.3095298327187373
11.0,0.6902113032590307,0.3061422377248368,2.0,0.3161223388234333
11.01,0.6909729089493285,0.30622016455264617,2.0,0.27725761077070926
11.02,0.6917043578034752,0.3062986971324902,2.0,0.32718244418029746
11.03,0.6924055343172171,0.3063778040960287,2.0,0.304981907814477
11.040000000000001,0.6930763277666547,0.30645745402215385,2.0,0.31753928218952904
11.05,0.6937166322257262,0.3065376154418762,2.0,0.2961385561706209
11.06,0.6943263465829348,0.30661825684321814,2.0,0.31274599589384383
11.07,0.6949053745573154,0.30669934667611465,2.0,0.2961651910443781
11.08,0.6954536247136387,0.30678085335731975,2.0,0.3005431637503617
11.09,0.6959710104768494,0.30686274527531876,2.0,0.3260030588139866
11.1,0.6964574501457377,0.30694499079524495,2.0,0.3050381667876115
11.11,0.696912866905841,0.3070275582638002,2.0,0.3092018869955974
11.120000000000001,0.6973371888415736,0.30711041601417843,2.0,0.315811093321066
11.13,0.6977303489475828,0.3071935323709917,2.0,0.3121503512507177
11.14,0.6980922851393303,0.3072768756551973,2.0,0.3087810647066331
11.15,0.6984229402628956,0.3073604141890262,2.0,0.31101002421368845
11.16,0.6987222621040017,0.30744411630091106,2.0,0.33147827215329384
11.17,0.6989902033962601,0.30752795033041325,2.0,0.3069517623600774
11.18,0.6992267218286345,0.3076118846331487,2.0,0.3096228751002984
11.19,0.6994317800521228,0.30769588758571104,2.0,0.31820243154578715
11.200000000000001,0.6996053456856544,0.30777992759059175,2.0,0.3188351869201716
11.21,0.6997473913212036,0.3078639730810962,2.0,0.3197342761367
11.22,0.6998578945281179,0.3079479925262552,2.0,0.31433529474654703
11.23,0.6999368378566599,0.30803195443573084,2.0,0.296601905308426
11.24,0.6999842088407633,0.30811582736471604,2.0,0.324450142687727
11.25,0.7,0.30819957991882735,2.0,0.29673612598864046
11.26,0.6999842088407633,0.3082831807589897,2.0,0.31130953541138
11.27,0.6999368378566599,0.3083665986063125,2.0,0.3008238401061189
11.28,0.6998578945281179,0.3084498022469565,2.0,0.3078084187810266
11.290000000000001,0.6997473913212036,0.3085327605369907,2.0,0.3118203846400255
11.3,0.6996053456856544,0.3086154424072379,2.0,0.31182901456174067
11.31,0.6994317800521228,0.3086978168681091,2.0,0.31291702441046193
11.32,0.6992267218286345,0.308779853014425,2.0,0.3249169657050115
11.33,0.6989902033962601,0.30886152003022477,2.0,0.31339686304536457
11.34,0.6987222621040017,0.30894278719356055,2.0,0.30650122084065407
11.35,0.6984229402628956,0.3090236238812774,2.0,0.318664495564161
11.36,0.6980922851393303,0.30910399957377777,2.0,0.3209987044630242
11.370000000000001,0.6977303489475828,0.3091838838597695,2.0,0.2969078057083996
11.38,0.6973371888415736,0.30926324644099756,2.0,0.31523724713949614
11.39,0.6969128669058411,0.3093420571369571,2.0,0.3163537845600661
11.4,0.6964574501457377,0.30942028588958903,2.0,0.3064446508559891
11.41,0.6959710104768494,0.3094979027679556,2.0,0.3232549709010718
11.42,0.6954536247136388,0.3095748779728965,2.0,0.30807432210257124
11.43,0.6949053745573155,0.30965118184166435,2.0,0.3109069463763798
11.44,0.6943263465829348,0.30972678485253835,2.0,0.30799606660969964
11.450000000000001,0.6937166322257262,0.3098016576294162,2.0,0.30995744810523085
11.46,0.6930763277666547,0.3098757709463831,2.0,0.29891302007743104
11.47,0.6924055343172172,0.309949095732257,2.0,0.295548586906314
11.48,0.6917043578034752,0.3100216030751097,2.0,0.3259666537073594
11.49,0.6909729089493286,0.3100932642267629,2.0,0.30162365074357966
11.5,0.6902113032590308,0.3101640506072587,2.0,0.30025012711269566
11.51,0.6894196609989489,0.31023393380930325,2.0,0.2887000326732661
11.52,0.688598107178573,0.3103028856026836,2.0,0.30391326812578856
11.53,0.6877467715307749,0.3103708779386568,2.0,0.2971399800045818
11.540000000000001,0.6868657884913224,0.3104378829543103,2.0,0.32685803455567397
11.55,0.6859552971776502,0.310503872976893,2.0,0.3206020438703194
11.56,0.6850154413668916,0.3105688205281169,2.0,0.30368731707633967
11.57,0.6840463694731741,0.31063269832842755,2.0,0.33315705638187065
11.58,0.6830482345241835,0.31069547930124386,2.0,0.3205131341711598
11.59,0.6820211941369991,0.3107571365771656,2.0,0.30750882274207936
11.6,0.680965410493204,0.3108176434981483,2.0,0.2858235863494125
11.61,0.6798810503132744,0.3108769736216452,2.0,0.3337863993475526
11.620000000000001,0.6787682848302528,0.31093510072471514,2.0,0.2970393760570792
11.63,0.6776272897627089,0.31099199880809597,2.0,0.29453801133852703
11.64,0.6764582452869906,0.3110476421002425,2.0,0.3212733464203389
11.65,0.6752613360087727,0.311102005061329,2.0,0.33549952912472175
11.66,0.6740367509339052,0.31115506238721513,2.0,0.3249977905723203
11.67,0.6727846834385672,0.3112067890133746,2.0,0.3168458802138982
11.68,0.6715053312387305,0.31125716011878646,2.0,0.31720470353543934
11.69,0.6701988963589385,0.3113061511297876,2.0,0.31984030671759067
11.700000000000001,0.6688655851004028,0.31135373772388697,2.0,0.31894302362175464
11.71,0.6675056080084283,0.3113998958335396,2.0,0.31421181007323334
11.72,0.6661191798391626,0.31144460164988097,2.0,0.31248661268939976
11.73,0.6647065195256856,0.31148783162642035,2.0,0.3108619003474251
11.74,0.6632678501434368,0.3115295624826932,2.0,0.3039899165940264
11.75,0.6618033988749896,0.31156977120787127,2.0,0.3087630204392035
11.76,0.6603133969741755,0.3116084350643305,2.0,0.29467886692237666
11.77,0.6587980797295672,0.31164553159117603,2.0,0.3106621353232285
11.78,0.657257686427324,0.3116810386077232,2.0,0.30179512753621407
11.790000000000001,0.6556924603134047,0.3117149342169351,2.0,0.3006790410447774
11.8,0.6541026485551578,0.31174719680881463,2.0,0.3135461383203494
11.81,0.6524885022022896,0.31177780506375213,2.0,0.32569782792719815
11.82,0.6508502761472209,0.3118067379558269,2.0,0.32098990401585004
11.83,0.6491882290848364,0.3118339747560625,2.0,0.29612896871983074
11.84,0.6475026234716349,0.3118594950356352,2.0,0.30196321366993184
11.85,0.6457937254842825,0.3118832786690356,2.0,0.32129099054891774
11.86,0.6440618049775817,0.3119053058371818,2.0,0.3020804319017987
11.870000000000001,0.642307135441857,0.311925557030485,2.0,0.3096792255305148
11.88,0.6405299939597698,0.3119440130518659,2.0,0.3174445340421114
11.89,0.6387306611625608,0.311960655019722,2.0,0.30227721047108563
11.9,0.6369094211857378,0.3119754643708451,2.0,0.3130292194323047
11.91,0.635066561624205,0.31198842286328915,2.0,0.2986481679141071
11.92,0.6332023734868506,0.3119995125791868,2.0,0.30598583613967467
11.93,0.6313171511505914,0.3120087159275153,2.0,0.31520653526894066
11.94,0.6294111923138891,0.31201601564681086,2.0,0.2960860783114942
11.950000000000001,0.6274847979497378,0.31202139480783114,2.0,0.31642614218743514
11.96,0.62553827225814,0.3120248368161652,2.0,0.3118284588268984
11.97,0.6235719226180669,0.31202632541479103,2.0,0.3175512249589625
11.98,0.6215860595389212,0.3120258446865795,2.0,0.31426498602722613
11.99,0.6195809966115038,0.31202337905674526,2.0,0.3256647833564837
12.0,0.6175570504584947,0.3120189132952433,2.0,0.31327115832172236
12.01,0.6155145406844538,0.3120124325191113,2.0,0.30771837710785876
12.02,0.6134537898253514,0.31200392219475753,2.0,0.31322689722508035
12.030000000000001,0.6113751232976375,0.31199336814019335,2.0,0.3174263484305572
12.040000000000001,0.6092788693468538,0.3119807565272106,2.0,0.31246935723046765
12.05,0.6071653589957992,0.311966073883503,2.0,0.31237199079554184
12.06,0.6050349259922592,0.3119493070947318,2.0,0.3049293902166642
12.07,0.6028879067563014,0.3119304434065346,2.0,0.3053014342310251
12.08,0.6007246403271521,0.3119094704264778,2.0,0.29788341770848087
12.09,0.5985454683096584,0.311886376125952,2.0,0.32938214355782136
12.1,0.5963507348203433,0.31186114884200977,2.0,0.2994225164880969
12.11,0.5941407864330669,0.3118337772791461,2.0,0.304904725301187
12.120000000000001,0.5919159721242975,0.31180425051102084,2.0,0.30462017785532886
12.13,0.5896766432180065,0.3117725579821231,2.0,0.3207218017515675
12.14,0.5874231533301865,0.3117386895093769,2.0,0.3087891927264566
12.15,0.5851558583130145,0.3117026352836883,2.0,0.32418005601042565
12.16,0.582875116198657,0.3116643858714339,2.0,0.30492947962899525
12.17,0.5805812871427328,0.3116239322158897,2.0,0.3144138738381277
12.18,0.5782747333674405,0.31158126563860067,2.0,0.3032277951060031
12.19,0.5759558191043604,0.3115363778406909,2.0,0.33298786911842476
12.200000000000001,0.5736249105369353,0.3114892609041139,2.0,0.29961327671381877
12.21,0.57128237574265,0.3114399072928426,2.0,0.31453811439511287
12.22,0.5689285846349035,0.31138830985399957,2.0,0.31772607866332053
12.23,0.5665639089045975,0.3113344618189265,2.0,0.3154724527934415
12.24,0.5641887219614419,0.31127835680419325,2.0,0.30942548021541616
12.25,0.5618033988749896,0.3112199888125463,2.0,0.30992178181521207
12.26,0.5594083163154072,0.3111593522337962,2.0,0.3115974669535873
12.27,0.5570038524939953,0.311096441845644,2.0,0.3096264218293591
12.280000000000001,0.554590387103465,0.3110312528144467,2.0,0.3206700439823958
12.290000000000001,0.5521683012579794,0.3109637806959213,2.0,0.3330690107118348
12.3,0.5497379774329708,0.3108940214357874,2.0,0.3053191035857091
12.31,0.5472997994047449,0.31082197137034884,2.0,0.29712394157455807
12.32,0.5448541521898764,0.3107476272270129,2.0,0.3098648067435003
12.33,0.5424014219844109,0.31067098612474875,2.0,0.33646807950129193
12.34,0.5399419961028815,0.31059204557448367,2.0,0.30255529989478636
12.35,0.5374762629171452,0.3105108034794376,2.0,0.3269019715338783
12.36,0.5350046117950557,0.31042725813539584,2.0,0.3272042662761602
12.370000000000001,0.5325274330389765,0.3103414082309201,2.0,0.30480552581384013
12.38,0.5300451178241514,0.3102532528474972,2.0,0.31594308363935
12.39,0.5275580581369275,0.3101627914596264,2.0,0.32644675769091175
12.4,0.5250666467128609,0.31007002393484406,2.0,0.30627874652496917
12.41,0.5225712769746965,0.30997495053368723,2.0,0.3079391469326636
12.42,0.5200723429702433,0.30987757190959453,2.0,0.3040607627701081
12.43,0.5175702393101487,0.3097778891087456,2.0,0.2996303218018169
12.44,0.5150653611055868,0.30967590356983826,2.0,0.3031831281191782
12.450000000000001,0.5125581039058624,0.30957161712380415,2.0,0.2973322144561816
12.46,0.5100488636359538,0.3094650319934624,2.0,0.3098058666760547
12.47,0.5075380365339869,0.30935615079311146,2.0,0.30165641848252506
12.48,0.5050260190886676,0.3092449765280592,2.0,0.31158283564596667
12.49,0.5025132079766705,0.3091315125940918,2.0,0.2935725561320555
12.5,0.5000000000000001,0.30901576277688025,2.0,0.31232456509902484
12.51,0.49748679202332974,0.30889773125132647,2.0,0.3172330208674157
12.52,0.4949739809113326,0.30877742258084717,2.0,0.28884006615513264
12.530000000000001,0.49246196346601295,0.3086548417165968,2.0,0.3123954074150725
12.540000000000001,0.48995113636404614,0.3085299939966296,2.0,0.3208066839213625
12.55,0.4874418960941372,0.3084028851450004,2.0,0.2963064749580884
12.56,0.48493463889441346,0.30827352127080454,2.0,0.32499924513918155
12.57,0.4824297606898515,0.30814190886715737,2.0,0.3123320989608178
12.58,0.479927657029757,0.3080080548101129,2.0,0.3009579362525288
12.59,0.47742872302530376,0.30787196635752245,2.0,0.3073142755809454
12.6,0.4749333532871394,0.3077336511478327,2.0,0.3133169202730499
12.61,0.4724419418630728,0.30759311719882415,2.0,0.30835317111294824
12.620000000000001,0.46995488217584847,0.30745037290628957,2.0,0.3128379328307533
12.63,0.4674725669610233,0.30730542704265285,2.0,0.29809869111185916
12.64,0.4649953882049446,0.3071582887555286,2.0,0.3088518969958894
12.65,0.46252373708285505,0.3070089675662225,2.0,0.2928718225971727
12.66,0.4600580038971187,0.3068574733681729,2.0,0.30574521275468586
12.67,0.45759857801558934,0.3067038164253336,2.0,0.2976647400106857
12.68,0.45514584781012385,0.30654800737049853,2.0,0.29919270794460084
12.69,0.4527002005952553,0.30639005720356766,2.0,0.31875098895567205
12.700000000000001,0.45026202256702874,0.30622997728975576,2.0,0.31714307849569845
12.71,0.44783169874202045,0.30606777935774326,2.0,0.31215916056681503
12.72,0.44540961289653497,0.3059034754977698,2.0,0.294980347851044
12.73,0.4429961475060049,0.3057370781596708,2.0,0.30257299366272283
12.74,0.44059168368459334,0.3055686001508575,2.0,0.31769957715064934
12.75,0.43819660112501096,0.3053980546342404,2.0,0.30681522377063947
12.76,0.435811278038558,0.30522545512609695,2.0,0.3284187505259139
12.77,0.43343609109540276,0.3050508154938833,2.0,0.308983993887827
12.780000000000001,0.43107141536509613,0.3048741499539909,2.0,0.30679464111889126
12.790000000000001,0.42871762425734955,0.30469547306944805,2.0,0.30160430842742303
12.8,0.42637508946306424,0.3045147997475665,2.0,0.3058502087953893
12.81,0.4240441808956398,0.30433214523753443,2.0,0.302807446873729
12.82,0.42172526663255966,0.304147525127955,2.0,0.3112286118948409
12.83,0.41941871285726773,0.30396095534433165,2.0,0.3135279785122775
12.84,0.4171248838013436,0.3037724521465003,2.0,0.29591255754142076
12.85,0.41484414168698536,0.30358203212600865,2.0,0.2902697025904309
12.86,0.4125768466698135,0.30338971220344363,2.0,0.2850276584724107
12.870000000000001,0.4103233567819937,0.30319550962570657,2.0,0.308275422894832
12.88,0.40808402787570214,0.30299944196323714,2.0,0.2919657759014984
12.89,0.40585921356693333,0.3028015271071864,2.0,0.28127262117766155
12.9,0.40364926517965694,0.30260178326653897,2.0,0.3064875693118486
12.91,0.4014545316903418,0.30240022896518554,2.0,0.32733022413951346
12.92,0.3992753596728481,0.3021968830389455,2.0,0.3021361739235465
12.93,0.3971120932436991,0.30199176463254046,2.0,0.3103766723770569
12.94,0.3949650740077408,0.3017848931965191,2.0,0.3026031867819947
12.950000000000001,0.39283464100420074,0.30157628848413376,2.0,0.30058739195222234
12.96,0.39072113065314634,0.3013659705481697,2.0,0.3105567353780474
12.97,0.3886248767023621,0.3011539597377265,2.0,0.29825121429584
12.98,0.3865462101746485,0.30094027669495343,2.0,0.30361419983567245
12.99,0.38448545931554645,0.3007249423517382,2.0,0.30394192041369833
13.0,0.3824429495415055,0.30050797792635026,2.0,0.29382707338991976
13.01,0.38041900338849644,0.3002894049200391,2.0,0.3102098284154043
13.02,0.3784139404610793,0.3000692451135875,2.0,0.2983196475466334
13.030000000000001,0.37642807738193307,0.2998475205638214,2.0,0.292290068968893
13.040000000000001,0.37446172774185993,0.2996242536000757,2.0,0.30498935203577976
13.05,0.37251520205026223,0.2993994668206174,2.0,0.29041478700270706
13.06,0.37058880768611135,0.29917318308902646,2.0,0.29945499466271774
13.07,0.36868284884940855,0.29894542553053455,2.0,0.2988542355640925
13.08,0.3667976265131496,0.2987162175283229,2.0,0.3095751731866387
13.09,0.36493343837579517,0.2984855827197794,2.0,0.30323256504857893
13.1,0.36309057881426243,0.2982535449927156,2.0,0.29800327540526417
13.11,0.3612693388374393,0.29802012848154447,2.0,0.3061977914735473
13.120000000000001,0.35947000604023005,0.29778535756341884,2.0,0.311687433053592
13.13,0.357692864558143,0.29754925685433226,2.0,0.3031273599178509
13.14,0.35593819502241875,0.2973118512051817,2.0,0.2974153774036155
13.15,0.35420627451571796,0.2970731656977938,2.0,0.2839548033742922
13.16,0.3524973765283651,0.2968332256409139,2.0,0.2861820890101602
13.17,0.3508117709151635,0.29659205656616044,2.0,0.29353980952261377
13.18,0.3491497238527793,0.2963496842239433,2.0,0.29025456220235046
13.19,0.3475114977977106,0.2961061345793482,2.0,0.29423642154949375
13.200000000000001,0.34589735144484196,0.29586143380798724,2.0,0.2964279330569583
13.21,0.3443075396865952,0.2956156082918161,2.0,0.3009125358353834
13.22,0.34274231357267626,0.29536868461491905,2.0,0.29466369683432814
13.23,0.34120192027043306,0.2951206895592619,2.0,0.29998570599752394
13.24,0.3396866030258249,0.29487165010041383,2.0,0.29551639424851506
13.25,0.3381966011250104,0.29462159340323885,2.0,0.2748669277397001
13.26,0.3367321498565632,0.29437054681755737,2.0,0.28497719287936985
13.27,0.3352934804743145,0.29411853787377884,2.0,0.29267766231656267
13.280000000000001,0.3338808201608372,0.2938655942785056,2.0,0.28176864685009456
13.290000000000001,0.3324943919915715,0.29361174391010947,2.0,0.2996110312100715
13.3,0.3311344148995969,0.29335701481428084,2.0,0.3086645231377178
13.31,0.32980110364106163,0.2931014351995519,2.0,0.30528905371652504
13.32,0.32849466876126965,0.29284503343279383,2.0,0.29071060472349175
13.33,0.3272153165614331,0.2925878380346895,2.0,0.30749509940318903
13.34,0.3259632490660951,0.2923298776751816,2.0,0.2938165522472027
13.35,0.3247386639912272,0.2920711811688973,2.0,0.2887003214577169
13.36,0.3235417547130094,0.2918117774705507,2.0,0.2856777508351413
13.370000000000001,0.3223727102372912,0.29155169567032263,2.0,0.28852699880544136
13.38,0.3212317151697471,0.2912909649892193,2.0,0.287409196803807
13.39,0.3201189496867257,0.29102961477441064,2.0,0.2927337769981655
13.4,0.3190345895067961,0.29076767449454854,2.0,0.2923734143050472
13.41,0.3179788058630009,0.29050517373506624,2.0,0.29053563393660037
13.42,0.3169517654758166,0.2902421421934591,2.0,0.2946115238909226
13.43,0.3159536305268261,0.289978609674548,2.0,0.3018850724224114
13.44,0.31498455863310837,0.28971460608572575,2.0,0.29921014744013896
13.450000000000001,0.31404470282234975,0.2894501614321874,2.0,0.2746011817476883
13.46,0.31313421150867765,0.28918530581214535,2.0,0.2636460944631258
13.47,0.3122532284692251,0.28892006941202975,2.0,0.2982632685244225
13.48,0.31140189282142705,0.2886544825016749,2.0,0.2749856955175207
13.49,0.3105803390010511,0.288388575429493,2.0,0.28614092141056613
13.5,0.3097886967409693,0.28812237861763507,2.0,0.27642124835704146
13.51,0.3090270910506715,0.28785592255714076,2.0,0.26983611818134057
13.52,0.30829564219652494,0.28758923780307716,2.0,0.29300386508512505
13.530000000000001,0.3075944656827828,0.2873223549696675,2.0,0.294913906572694
13.540000000000001,0.30692367223334527,0.28705530472541096,2.0,0.28129020071814376
13.55,0.3062833677742738,0.28678811778819346,2.0,0.2608776948667444
13.56,0.3056736534170653,0.2865208249203913,2.0,0.2810583804378665
13.57,0.3050946254426845,0.2862534569239676,2.0,0.29017149697799305
13.58,0.3045463752863613,0.2859860446355623,2.0,0.27119692894782105
13.59,0.3040289895231506,0.28571861892157757,2.0,0.28755221811936915
13.6,0.3035425498542623,0.28545121067325757,2.0,0.2852981121815276
13.61,0.303087133094159,0.28518385080176534,2.0,0.2909767657977762
13.620000000000001,0.30266281115842636,0.28491657023325595,2.0,0.28611237391739747
13.63,0.3022696510524172,0.2846493999039479,2.0,0.27491871049513233
13.64,0.3019077148606698,0.2843823707551924,2.0,0.2963480857718373
13.65,0.30157705973710447,0.2841155137285427,2.0,0.282530217998273
13.66,0.3012777378959983,0.28384885976082275,2.0,0.28357581436572343
13.67,0.30100979660373994,0.2835824397791971,2.0,0.27424976018846514
13.68,0.3007732781713655,0.2833162846962425,2.0,0.27888346218432736
13.69,0.3005682199478772,0.28305042540502134,2.0,0.27420239826475235
13.700000000000001,0.30039465431434564,0.2827848927741592,2.0,0.28105543217492496
13.71,0.30025260867879644,0.2825197176429252,2.0,0.29963680244434865
13.72,0.30014210547188214,0.28225493081631814,2.0,0.26853591938700455
13.73,0.30006316214334,0.2819905630601574,2.0,0.26585494908139
13.74,0.30001579115923677,0.28172664509618045,2.0,0.29643834837111654
13.75,0.3,0.2814632075971473,2.0,0.27936997082562864
13.76,0.30001579115923677,0.281200281181953,2.0,0.27450955379535386
13.77,0.30006316214334,0.28093789641074834,2.0,0.2913369432847091
13.780000000000001,0.30014210547188214,0.2806760837800702,2.0,0.27461992838270155
13.790000000000001,0.3002526086787965,0.28041487371798196,2.0,0.2986749708534513
13.8,0.30039465431434564,0.2801542965792248,2.0,0.2869335552926175
13.81,0.3005682199478772,0.2798943826403807,2.0,0.27501526855892366
13.82,0.30077327817136545,0.2796351620950478,2.0,0.3012082442277028
13.83,0.30100979660373994,0.2793766650490291,2.0,0.2733195158189957
13.84,0.3012777378959982,0.27911892151553475,2.0,0.2865398752356278
13.85,0.30157705973710447,0.27886196141039965,2.0,0.28185488721446456
13.86,0.3019077148606697,0.278605814547316,2.0,0.291623227441304
13.870000000000001,0.30226965105241715,0.278350510633082,2.0,0.29396562260035053
13.88,0.3026628111584264,0.2780960792628683,2.0,0.27841612075352595
13.89,0.3030871330941589,0.27784254991550095,2.0,0.2703083712120391
13.9,0.3035425498542622,0.2775899519487641,2.0,0.2821896733781553
13.91,0.3040289895231506,0.27733831459472086,2.0,0.2705611608971998
13.92,0.3045463752863612,0.27708766695505455,2.0,0.29722153943032076
13.93,0.30509462544268445,0.2768380379964308,2.0,0.2782033913072582
13.94,0.3056736534170652,0.27658945654588063,2.0,0.27293624103275954
13.950000000000001,0.3062833677742738,0.2763419512862059,2.0,0.278188754344855
13.96,0.30692367223334516,0.2760955507514078,2.0,0.2626242878561108
13.97,0.3075944656827829,0.27585028332213835,2.0,0.2661341429370318
13.98,0.30829564219652483,0.27560617722117686,2.0,0.2876103163006211
13.99,0.3090270910506714,0.275363260508931,2.0,0.268794317719217
14.0,0.3097886967409692,0.2751215610789638,2.0,0.26465245125214437
14.01,0.31058033900105103,0.2748811066535468,2.0,0.28024763417881965
14.02,0.31140189282142694,0.27464192477924076,2.0,0.28649896632587074
14.030000000000001,0.3122532284692252,0.2744040428225037,2.0,0.28159357592915435
14.040000000000001,0.3131342115086776,0.2741674879653279,2.0,0.2841279648233861
14.05,0.31404470282234964,0.27393228720090596,2.0,0.26636433631521134
14.06,0.31498455863310826,0.2736984673293265,2.0,0.25948036066190805
14.07,0.315953630526826,0.27346605495330095,2.0,0.28847939147285584
14.08,0.3169517654758165,0.2732350764739212,2.0,0.2700082780854998
14.09,0.31797880586300076,0.27300555808644916,2.0,0.2704972279218987
14.1,0.319034589506796,0.2727775257761393,2.0,0.2860594671946299
14.11,0.3201189496867256,0.2725510053140938,2.0,0.2781133054081004
14.120000000000001,0.32123171516974725,0.27232602225315233,2.0,0.2768848999739684
14.13,0.3223727102372911,0.2721026019238158,2.0,0.29375262537282665
14.14,0.3235417547130093,0.27188076943020545,2.0,0.26544558712640404
14.15,0.3247386639912271,0.27166054964605807,2.0,0.28093895092687043
14.16,0.325963249066095,0.2714419672107572,2.0,0.272012098459728
14.17,0.327215316561433,0.2712250465254018,2.0,0.27391096931403436
14.18,0.3284946687612695,0.2710098117489124,2.0,0.28629449601303775
14.19,0.3298011036410615,0.2707962867941759,2.0,0.27587464435707215
14.200000000000001,0.33113441489959716,0.2705844953242286,2.0,0.27596745611472495
14.21,0.3324943919915717,0.27037446074847976,2.0,0.2810995341215778
14.22,0.3338808201608374,0.27016620621897436,2.0,0.2665166789235455
14.23,0.3352934804743144,0.26995975462669725,2.0,0.26156765795330716
14.24,0.33673214985656297,0.26975512859791817,2.0,0.2593070366577078
14.25,0.3381966011250106,0.2695523504905789,2.0,0.2498887845968189
14.26,0.3396866030258247,0.2693514423907228,2.0,0.289913513690126
14.27,0.34120192027043283,0.26915242610896717,2.0,0.25812034245175036
14.280000000000001,0.3427423135726765,0.26895532317701965,2.0,0.26674278694116194
14.290000000000001,0.3443075396865955,0.26876015484423826,2.0,0.26599202184534904
14.3,0.34589735144484224,0.26856694207423637,2.0,0.27164100905232735
14.31,0.3475114977977104,0.2683757055415327,2.0,0.2765330776669257
14.32,0.3491497238527791,0.2681864656282474,2.0,0.27679120051184486
14.33,0.35081177091516336,0.26799924242084366,2.0,0.26216846803515426
14.34,0.3524973765283649,0.26781405570691713,2.0,0.266142838569053
14.35,0.35420627451571773,0.26763092497203167,2.0,0.27045672447691466
14.36,0.3559381950224185,0.2674498693966033,2.0,0.26496295813476783
14.370000000000001,0.35769286455814275,0.26727090785283253,2.0,0.28334436361303245
14.38,0.3594700060402304,0.267094058901685,2.0,0.27200380841806754
14.39,0.3612693388374391,0.2669193407899219,2.0,0.2742681186504201
14.4,0.36309057881426227,0.2667467714471795,2.0,0.27337558413385366
14.41,0.36493343837579495,0.2665763684830994,2.0,0.27831110705795264
14.42,0.3667976265131494,0.266408149184509,2.0,0.2682183647715461
14.43,0.3686828488494084,0.2662421305126531,2.0,0.25327381103309465
14.44,0.3705888076861112,0.2660783291004772,2.0,0.2700752086180036
14.450000000000001,0.372515202050262,0.26591676124996233,2.0,0.25940319231204406
14.46,0.3744617277418597,0.26575744292951264,2.0,0.2604712761120151
14.47,0.3764280773819334,0.2656003897713955,2.0,0.2714640299589464
14.48,0.37841394046107907,0.26544561706923464,2.0,0.277828447783571
14.49,0.3804190033884962,0.26529313977555724,2.0,0.26550585554291783
14.5,0.38244294954150526,0.2651429724993946,2.0,0.26823130262538425
14.51,0.38448545931554623,0.26499512950393733,2.0,0.2820172789502897
14.52,0.3865462101746483,0.264849624704245,2.0,0.2672571564991307
14.530000000000001,0.38862487670236245,0.26470647166501116,2.0,0.29072330280681513
14.540000000000001,0.3907211306531461,0.2645656835983835,2.0,0.27022078005469896
14.55,0.3928346410042005,0.2644272733618399,2.0,0.24681964577028173
14.56,0.39496507400774056,0.2642912534561204,2.0,0.27182466966716573
14.57,0.3971120932436989,0.2641576360232159,2.0,0.2679692198720437
14.58,0.3992753596728479,0.2640264328444132,2.0,0.27692396038524064
14.59,0.40145453169034157,0.2638976553383972,2.0,0.2706294688510968
14.6,0.4036492651796567,0.2637713145594108,2.0,0.262386754719573
14.61,0.4058592135669331,0.26364742119547163,2.0,0.25140443883257796
14.620000000000001,0.4080840278757025,0.26352598556664764,2.0,0.2614357529937874
14.63,0.4103233567819935,0.26340701762339,2.0,0.254901813081297
14.64,0.4125768466698132,0.2632905269449252,2.0,0.257485292446878
14.65,0.41484414168698514,0.2631765227377052,2.0,0.2690623067819113
14.66,0.4171248838013433,0.2630650138339168,2.0,0.27976405887743083
14.67,0.4194187128572675,0.2629560086900503,2.0,0.26690272398828013
14.68,0.4217252666325594,0.2628495153855275,2.0,0.2508906847651756
14.69,0.4240441808956395,0.26274554162138897,2.0,0.26719156830359037
14.700000000000001,0.4263750894630647,0.2626440947190418,2.0,0.2746104095854983
14.71,0.42871762425734994,0.2625451816190668,2.0,0.256447352575873
14.72,0.4310714153650965,0.26244880888008604,2.0,0.26110863721335686
14.73,0.4334360910954025,0.262354982677691,2.0,0.26250186462498293
14.74,0.4358112780385578,0.262263708803431,2.0,0.2544147256726086
14.75,0.43819660112501,0.2621749926638627,2.0,0.26865779700230125
14.76,0.44059168368459306,0.26208883927966,2.0,0.2608793577935822
14.77,0.4429961475060047,0.26200525328478524,2.0,0.2662005777238555
14.780000000000001,0.44540961289653536,0.2619242389257217,2.0,0.2530493171477007
14.790000000000001,0.4478316987420209,0.2618458000607668,2.0,0.2574712170575327
14.8,0.4502620225670292,0.26176994015938726,2.0,0.268993753737665
14.81,0.45270020059525506,0.2616966623016355,2.0,0.25796833078071785
14.82,0.45514584781012357,0.2616259691776275,2.0,0.2788956076899615
14.83,0.45759857801558873,0.26155786308708234,2.0,0.2575615012309363
14.84,0.4600580038971181,0.2614923459389238,2.0,0.2637391931964426
14.85,0.46252373708285516,0.26142941925094304,2.0,0.27075532756967396
14.86,0.4649953882049447,0.26136908414952403,2.0,0.2471854268201937
14.870000000000001,0.467472566961023,0.2613113413694299,2.0,0.24370325324962214
14.88,0.4699548821758489,0.26125619125365207,2.0,0.24599962810795112
14.89,0.47244194186307253,0.2612036337533206,2.0,0.27382947478759245
14.9,0.47493335328713915,0.26115366842767707,2.0,0.2556350869687526
14.91,0.4774287230253035,0.2611062944441089,2.0,0.2866882873007914
14.92,0.4799276570297567,0.26106151057824595,2.0,0.25541903459167203
14.93,0.4824297606898509,0.2610193152141192,2.0,0.2628648282460896
14.94,0.4849346388944135,0.26097970634438084,2.0,0.2764008058700596
14.950000000000001,0.48744189609413724,0.2609426815705865,2.0,0.2810036104521777
14.96,0.48995113636404586,0.2609082381035394,2.0,0.2815232738699034
14.97,0.4924619634660134,0.2608763727636964,2.0,0.27296003506962785
14.98,0.49497398091133266,0.26084708198163503,2.0,0.2710877072397497
14.99,0.49748679202332946,0.2608203617985831,2.0,0.2667456312905949
15.0,0.49999999999999983,0.26079620786700924,2.0,0.26857981862867564
15.01,0.5025132079766702,0.2607746154512752,2.0,0.2552627582879899
15.02,0.5050260190886671,0.26075557942834937,2.0,0.2525735905941263
15.030000000000001,0.507538036533987,0.26073909428858133,2.0,0.2607053497144718
15.040000000000001,0.5100488636359538,0.26072515413653813,2.0,0.25902330791128886
15.05,0.5125581039058624,0.260713752691901,2.0,0.25618147219862825
15.06,0.5150653611055862,0.2607048832904231,2.0,0.2676687577649902
15.07,0.5175702393101488,0.2606985388849478,2.0,0.27025159097065293
15.08,0.520072342970243,0.2606947120464881,2.0,0.26157878090940656
15.09,0.5225712769746962,0.26069339496536537,2.0,0.275468695775918
15.1,0.5250666467128605,0.2606945794524093,2.0,0.24927768831107427
15.11,0.5275580581369271,0.26069825694021737,2.0,0.2587616623474202
15.120000000000001,0.5300451178241515,0.26070441848447384,2.0,0.2535361952784458
15.13,0.5325274330389766,0.260713054765329,2.0,0.2420476885945984
15.14,0.535004611795055,0.26072415608883737,2.0,0.25989734923041036
15.15,0.5374762629171446,0.2607377123884547,2.0,0.25952023730462187
15.16,0.5399419961028816,0.26075371322659496,2.0,0.27588821065901625
15.17,0.542401421984411,0.26077214779624464,2.0,0.2670802646417924
15.18,0.5448541521898761,0.2607930049226366,2.0,0.25055113667934453
15.19,0.5472997994047447,0.2608162730649812,2.0,0.27935719872832304
15.200000000000001,0.5497379774329713,0.26084194031825597,2.0,0.2730522772735095
15.21,0.5521683012579794,0.26086999441505243,2.0,0.2666909714497386
15.22,0.554590387103465,0.2609004227274803,2.0,0.258635581738982
15.23,0.5570038524939951,0.2609332122691288,2.0,0.251338819901894
15.24,0.5594083163154067,0.26096834969708455,2.0,0.257246281936374
15.25,0.5618033988749896,0.2610058213140058,2.0,0.2718933075110477
15.26,0.564188721961442,0.26104561307025276,2.0,0.27989147612959886
15.27,0.5665639089045972,0.2610877105660737,2.0,0.2765201458487956
15.280000000000001,0.5689285846349038,0.26113209905384616,2.0,0.2562436048359834
15.290000000000001,0.5712823757426504,0.2611787634403734,2.0,0.24998258910748328
15.3,0.5736249105369358,0.2612276882892353,2.0,0.26263655075834735
15.31,0.5759558191043602,0.26127885782319377,2.0,0.24359446416756525
15.32,0.5782747333674403,0.2613322559266517,2.0,0.2645639330684995
15.33,0.5805812871427323,0.26138786614816584,2.0,0.25991184028517916
15.34,0.5828751161986564,0.26144567170301225,2.0,0.2567853066843298
15.35,0.5851558583130145,0.2615056554758049,2.0,0.24555862480313695
15.36,0.5874231533301865,0.2615678000231663,2.0,0.2667038010888635
15.370000000000001,0.5896766432180063,0.2616320875764502,2.0,0.2563050791798311
15.38,0.5919159721242978,0.2616985000445153,2.0,0.2499993316874124
15.39,0.5941407864330667,0.26176701901655053,2.0,0.23304439688373405
15.4,0.5963507348203431,0.2618376257649505,2.0,0.26156247671444416
15.41,0.5985454683096582,0.26191030124824094,2.0,0.2796328172149384
15.42,0.6007246403271519,0.2619850261140541,2.0,0.27859761825953283
15.43,0.6028879067563009,0.26206178070215314,2.0,0.25749081813629043
15.44,0.6050349259922592,0.2621405450475051,2.0,0.2561184244438873
15.450000000000001,0.6071653589957993,0.26222129888340234,2.0,0.26690904144415256
15.46,0.6092788693468536,0.26230402164463135,2.0,0.2523201672527484
15.47,0.6113751232976379,0.2623886924706889,2.0,0.26540661146888356
15.48,0.6134537898253515,0.2624752902090452,2.0,0.2701360929928921
15.49,0.6155145406844535,0.2625637934184525,2.0,0.27483312565729556
15.5,0.6175570504584945,0.26265418037230004,2.0,0.2616526396075005
15.51,0.6195809966115036,0.26274642906201395,2.0,0.2607096915602443
15.52,0.6215860595389207,0.26284051720050144,2.0,0.25406069133293585
15.530000000000001,0.6235719226180669,0.26293642222563934,2.0,0.25466761868524074
15.540000000000001,0.6255382722581401,0.26303412130380616,2.0,0.2607693323847909
15.55,0.6274847979497378,0.2631335913334567,2.0,0.2668072464016185
15.56,0.6294111923138885,0.2632348089487395,2.0,0.272370655211072
15.57,0.6313171511505914,0.26333775052315594,2.0,0.2553059610163525
15.58,0.6332023734868504,0.2634423921732602,2.0,0.2783692778628554
15.59,0.6350665616242048,0.2635487097624005,2.0,0.26083747375197486
15.6,0.6369094211857376,0.26365667890449995,2.0,0.2634430059610156
15.610000000000001,0.6387306611625612,0.2637662749678767,2.0,0.25629415817639845
15.620000000000001,0.64052999395977,0.2638774730791035,2.0,0.23963507047637406
15.63,0.642307135441857,0.263990248126905,2.0,0.2728307020905155
15.64,0.6440618049775813,0.26410457476609306,2.0,0.2714730137370174
15.65,0.645793725484282,0.26422042742153845,2.0,0.2614071518503563
15.66,0.6475026234716349,0.26433778029217964,2.0,0.2650076874644284
15.67,0.6491882290848364,0.26445660735506693,2.0,0.2696159995321079
15.68,0.6508502761472207,0.26457688236944166,2.0,0.24895142380057622
15.69,0.6524885022022894,0.26469857888085,2.0,0.2594080521073871
15.700000000000001,0.654102648555158,0.26482167022529063,2.0,0.2727643170215089
15.71,0.6556924603134048,0.2649461295333952,2.0,0.2524032353017027
15.72,0.6572576864273237,0.26507192973464183,2.0,0.2680075090563081
15.73,0.6587980797295669,0.26519904356159985,2.0,0.2516332255153658
15.74,0.6603133969741751,0.26532744355420623,2.0,0.2699917433785415
15.75,0.6618033988749892,0.26545710206407197,2.0,0.26510068724109714
15.76,0.6632678501434368,0.2655879912588188,2.0,0.24943667309976372
15.77,0.6647065195256854,0.26572008312644463,2.0,0.27736747667101636
15.780000000000001,0.6661191798391628,0.26585334947971745,2.0,0.25850743371173696
15.790000000000001,0.6675056080084285,0.2659877619605972,2.0,0.2578852375904534
15.8,0.6688655851004031,0.26612329204468443,2.0,0.26812898401699387
15.81,0.6701988963589384,0.26625991104569546,2.0,0.2777462845399826
15.82,0.6715053312387304,0.266397590119963,2.0,0.25623937193017904
15.83,0.6727846834385669,0.2665363002709618,2.0,0.26715309876944154
15.84,0.6740367509339049,0.26667601235385846,2.0,0.2709641773571642
15.85,0.6752613360087727,0.26681669708008465,2.0,0.2737477531527161
15.860000000000001,0.6764582452869906,0.26695832502193323,2.0,0.26872274057470547
15.870000000000001,0.6776272897627088,0.26710086661717636,2.0,0.26343058822634313
15.88,0.6787682848302529,0.2672442921737047,2.0,0.2589683899672175
15.89,0.6798810503132743,0.2673885718741876,2.0,0.2682500107046513
15.9,0.6809654104932039,0.2675336757807525,2.0,0.2568122856608964
15.91,0.6820211941369991,0.2676795738396842,2.0,0.23846606900473813
15.92,0.6830482345241834,0.26782623588614185,2.0,0.2721918339277185
15.93,0.6840463694731739,0.26797363164889376,2.0,0.2770129800597557
15.94,0.6850154413668916,0.2681217307550691,2.0,0.24449240639965072
15.950000000000001,0.6859552971776502,0.26827050273492586,2.0,0.2581731956878265
15.96,0.6868657884913223,0.26841991702663365,2.0,0.27461145963668565
15.97,0.6877467715307749,0.26856994298107173,2.0,0.28914489767818874
15.98,0.688598107178573,0.26872054986664035,2.0,0.26892848694339444
15.99,0.6894196609989489,0.2688717068740856,2.0,0.2615916774617943
16.0,0.6902113032590307,0.2690233831213364,2.0,0.267194418710288
16.01,0.6909729089493287,0.2691755476583527,2.0,0.2829243118498346
16.02,0.6917043578034751,0.26932816947198535,2.0,0.26286852768074
16.03,0.6924055343172172,0.26948121749084486,2.0,0.26148929742434235
16.04,0.6930763277666547,0.2696346605901804,2.0,0.26480722536836004
16.05,0.6937166322257262,0.26978846759676667,2.0,0.26025518151417953
16.06,0.6943263465829347,0.2699426072937989,2.0,0.2711693104537468
16.07,0.6949053745573155,0.27009704842579424,2.0,0.2863438330104898
16.080000000000002,0.6954536247136387,0.27025175970349996,2.0,0.27348255243466024
16.09,0.6959710104768494,0.2704067098088066,2.0,0.2678831747875437
16.1,0.6964574501457378,0.2705618673996658,2.0,0.2676437547105104
16.11,0.696912866905841,0.27071720111501224,2.0,0.25508529302804567
16.12,0.6973371888415736,0.2708726795796881,2.0,0.27970377735115964
16.13,0.6977303489475828,0.2710282714093703,2.0,0.27024989943924227
16.14,0.6980922851393302,0.27118394521549916,2.0,0.2693791460795929
16.15,0.6984229402628955,0.2713396696102075,2.0,0.3032707452886561
16.16,0.6987222621040017,0.27149541321125,2.0,0.27448294229490683
16.17,0.6989902033962601,0.27165114464693146,2.0,0.2641332341459796
16.18,0.6992267218286345,0.2718068325610339,2.0,0.26754325659897843
16.19,0.6994317800521228,0.27196244561774047,2.0,0.283446902709708
16.2,0.6996053456856544,0.2721179525065571,2.0,0.27325065661193476
16.21,0.6997473913212036,0.27227332194722964,2.0,0.257890542164056
16.22,0.6998578945281179,0.2724285226946564,2.0,0.28162081204040845
16.23,0.6999368378566599,0.2725835235437952,2.0,0.26590208268840526
16.240000000000002,0.6999842088407633,0.2727382933345643,2.0,0.29147127109673976
16.25,0.7,0.2728928009567359,2.0,0.2836932816138824
16.26,0.6999842088407633,0.27304701535482245,2.0,0.2685737963982349
16.27,0.69993683785666,0.27320090553295356,2.0,0.2860110691503047
16.28,0.6998578945281179,0.27335444055974434,2.0,0.2740329956650184
16.29,0.6997473913212036,0.27350758957315296,2.0,0.28203532632437517
16.3,0.6996053456856544,0.27366032178532784,2.0,0.2785076499582726
16.31,0.6994317800521228,0.2738126064874428,2.0,0.2653490399375341
16.32,0.6992267218286345,0.2739644130545201,2.0,0.26752891473134544
16.330000000000002,0.6989902033962601,0.2741157109502397,2.0,0.2844153191260513
16.34,0.6987222621040018,0.27426646973173546,2.0,0.27091871641067006
16.35,0.6984229402628955,0.274416659054376,2.0,0.27038017442195605
16.36,0.6980922851393303,0.2745662486765302,2.0,0.26501502288303663
16.37,0.6977303489475828,0.27471520846431646,2.0,0.27895119912025107
16.38,0.6973371888415737,0.2748635083963354,2.0,0.29548875758876686
16.39,0.6969128669058411,0.2750111185683843,2.0,0.26433578942584157
16.4,0.6964574501457379,0.27515800919815336,2.0,0.27540020376488095
16.41,0.6959710104768494,0.2753041506299028,2.0,0.2894263561840571
16.42,0.6954536247136386,0.2754495133391199,2.0,0.2746530994266627
16.43,0.6949053745573155,0.2755940679371553,2.0,0.28011778589965264
16.44,0.6943263465829348,0.2757377851758383,2.0,0.2651138498943695
16.45,0.6937166322257262,0.2758806359520696,2.0,0.28016370692414605
16.46,0.6930763277666548,0.27602259131239115,2.0,0.2741511486623457
16.47,0.6924055343172173,0.276163622457533,2.0,0.28602092241433164
16.48,0.6917043578034752,0.27630370074693517,2.0,0.2881775612625827
16.490000000000002,0.6909729089493286,0.27644279770324476,2.0,0.3023384341234309
16.5,0.6902113032590308,0.27658088501678757,2.0,0.28237721674892335
16.51,0.6894196609989487,0.27671793455001303,2.0,0.2799758977158347
16.52,0.6885981071785731,0.276853918341912,2.0,0.27879776135768536
16.53,0.6877467715307748,0.2769888086124067,2.0,0.27345714568429985
16.54,0.6868657884913224,0.2771225777667127,2.0,0.2805074162013296
16.55,0.6859552971776504,0.27725519839967055,2.0,0.27430118429828027
16.56,0.6850154413668917,0.27738664330004886,2.0,0.279071253062745
16.57,0.684046369473174,0.2775168854548157,2.0,0.2906928608108953
16.580000000000002,0.6830482345241835,0.2776458980533792,2.0,0.2675804724005828
16.59,0.6820211941369992,0.27777365449179664,2.0,0.28917244010308707
16.6,0.6809654104932037,0.27790012837695005,2.0,0.2910712790503487
16.61,0.6798810503132744,0.27802529353068933,2.0,0.27684460826077856
16.62,0.6787682848302528,0.2781491239939412,2.0,0.25693057500385524
16.63,0.6776272897627089,0.27827159403078355,2.0,0.27219337415983924
16.64,0.6764582452869907,0.2783926781324847,2.0,0.2913626235980958
16.65,0.6752613360087729,0.27851235102150673,2.0,0.2782836703985179
16.66,0.674036750933905,0.2786305876554725,2.0,0.26863756533252336
16.67,0.6727846834385671,0.27874736323109545,2.0,0.27369961401881326
16.68,0.6715053312387306,0.2788626531880718,2.0,0.2872688534531173
16.69,0.6701988963589381,0.27897643321293436,2.0,0.28444376889494816
16.7,0.6688655851004033,0.27908867924286745,2.0,0.27669935825117054
16.71,0.6675056080084283,0.2791993674694821,2.0,0.2755311233513352
16.72,0.666119179839163,0.27930847434255157,2.0,0.2753908928521134
16.73,0.6647065195256856,0.27941597657370565,2.0,0.27019187472872064
16.740000000000002,0.6632678501434366,0.27952185114008393,2.0,0.2956756080347783
16.75,0.6618033988749898,0.2796260752879472,2.0,0.2764028705958338
16.76,0.6603133969741753,0.2797286265362463,2.0,0.29190021174450126
16.77,0.6587980797295672,0.279829482680148,2.0,0.2950426431993725
16.78,0.6572576864273235,0.2799286217945173,2.0,0.28991173077599686
16.79,0.655692460313405,0.28002602223735557,2.0,0.27570981911017506
16.8,0.6541026485551578,0.28012166265319427,2.0,0.28415896355656034
16.81,0.65248850220229,0.28021552197644306,2.0,0.2799735659125339
16.82,0.6508502761472209,0.2803075794346925,2.0,0.2712705608273912
16.830000000000002,0.6491882290848362,0.2803978145519703,2.0,0.28364140736918636
16.84,0.6475026234716351,0.2804862071519512,2.0,0.2686958092403532
16.85,0.6457937254842823,0.28057273736111893,2.0,0.2924495312457346
16.86,0.6440618049775815,0.28065738561188097,2.0,0.27601121263889705
16.87,0.6423071354418572,0.2807401326456348,2.0,0.2827517292043632
16.88,0.6405299939597702,0.2808209595157854,2.0,0.2836538382312468
16.89,0.6387306611625609,0.28089984759071357,2.0,0.2783107978536728
16.9,0.6369094211857382,0.28097677855669473,2.0,0.28684371657144747
16.91,0.635066561624205,0.2810517344207671,2.0,0.27630269785454187
16.92,0.63320237348685,0.28112469751354974,2.0,0.2898376704881222
16.93,0.6313171511505917,0.2811956504920095,2.0,0.267735853689542
16.94,0.6294111923138889,0.28126457634217605,2.0,0.28252837213764015
16.95,0.627484797949738,0.28133145838180557,2.0,0.30072074837238844
16.96,0.6255382722581403,0.2813962802629917,2.0,0.27139296701693594
16.97,0.6235719226180672,0.28145902597472383,2.0,0.2746815762694753
16.98,0.621586059538921,0.28151967984539245,2.0,0.2866587583419816
16.990000000000002,0.6195809966115038,0.28157822654524056,2.0,0.28337404436463653
17.0,0.6175570504584947,0.28163465108876157,2.0,0.28514095208149715
17.01,0.6155145406844532,0.28168893883704255,2.0,0.28658081013851916
17.02,0.6134537898253517,0.2817410755000529,2.0,0.2880882901856706
17.03,0.6113751232976375,0.28179104713887815,2.0,0.2928880455584404
17.04,0.6092788693468539,0.281838840167898,2.0,0.28593702673718313
17.05,0.6071653589957995,0.28188444135690904,2.0,0.2794718648107236
17.06,0.6050349259922595,0.28192783783319103,2.0,0.28865357484521836
17.07,0.6028879067563011,0.2819690170835169,2.0,0.30096783643246905
17.080000000000002,0.6007246403271522,0.2820079669561062,2.0,0.2806816294922805
17.09,0.5985454683096585,0.2820446756625211,2.0,0.2722993826158147
17.1,0.5963507348203427,0.2820791317795057,2.0,0.29314993847237547
17.11,0.5941407864330669,0.28211132425076707,2.0,0.2809075126112311
17.12,0.5919159721242975,0.2821412423886986,2.0,0.26041454692855825
17.13,0.5896766432180065,0.2821688758760455,2.0,0.29064309264754973
17.14,0.5874231533301868,0.28219421476751144,2.0,0.27684093290797224
17.150000000000002,0.5851558583130142,0.2822172494913066,2.0,0.281311916668265
17.16,0.5828751161986567,0.282237970850637,2.0,0.28555777415632716
17.17,0.5805812871427325,0.2822563700251344,2.0,0.28416136682292503
17.18,0.5782747333674406,0.28227243857222684,2.0,0.28936695674361723
17.19,0.5759558191043599,0.28228616842844984,2.0,0.2779313047227514
17.2,0.573624910536936,0.2822975519106973,2.0,0.2874286098924581
17.21,0.5712823757426501,0.2823065817174128,2.0,0.27971111494157364
17.22,0.5689285846349041,0.2823132509297206,2.0,0.2897013557385956
17.23,0.5665639089045975,0.28231755301249606,2.0,0.2884712278526266
17.240000000000002,0.5641887219614415,0.28231948181537564,2.0,0.2729650947949297
17.25,0.5618033988749893,0.2823190315737063,2.0,0.29317885273545663
17.26,0.559408316315407,0.2823161969094339,2.0,0.2769565624582934
17.27,0.5570038524939953,0.2823109728319304,2.0,0.2903915508147419
17.28,0.5545903871034646,0.28230335473876056,2.0,0.285976227872774
17.29,0.5521683012579798,0.2822933384163865,2.0,0.30067517518433773
17.3,0.5497379774329708,0.2822809200408117,2.0,0.28004626021709317
17.31,0.5472997994047457,0.282266096178163,2.0,0.278772928216981
17.32,0.5448541521898764,0.2822488637852114,2.0,0.2820546677263341
17.330000000000002,0.5424014219844105,0.2822292202098309,2.0,0.27919742238148815
17.34,0.539941996102882,0.2822071631913956,2.0,0.2902065822108161
17.35,0.5374762629171449,0.2821826908611157,2.0,0.2660195847767498
17.36,0.5350046117950553,0.2821558017423106,2.0,0.271618977550847
17.37,0.532527433038977,0.282126494750621,2.0,0.2714484655348291
17.38,0.5300451178241519,0.28209476919415877,2.0,0.2915978451138945
17.39,0.5275580581369275,0.2820606247735946,2.0,0.2991667584994139
17.400000000000002,0.5250666467128602,0.28202406158218435,2.0,0.2809795693968096
17.41,0.5225712769746965,0.28198508010573287,2.0,0.28029686287383276
17.42,0.5200723429702426,0.2819436812224961,2.0,0.2826442028536279
17.43,0.5175702393101491,0.2818998662030213,2.0,0.2935186492291032
17.44,0.5150653611055865,0.2818536367099254,2.0,0.2725801053680197
17.45,0.5125581039058628,0.2818049947976112,2.0,0.28418868462495905
17.46,0.5100488636359541,0.2817539429119218,2.0,0.2915059192097461
17.47,0.5075380365339873,0.2817004838897339,2.0,0.2867114255891324
17.48,0.5050260190886674,0.2816446209584884,2.0,0.28354043712447585
17.490000000000002,0.5025132079766705,0.2815863577356601,2.0,0.2915968186613315
17.5,0.5000000000000002,0.2815256982281654,2.0,0.25449337529817306
17.51,0.49748679202332907,0.2814626468317091,2.0,0.28824140002701815
17.52,0.494973980911333,0.281397208330069,2.0,0.27485645149879473
17.53,0.492461963466013,0.28132938789432016,2.0,0.2630230589257556
17.54,0.4899511363640462,0.28125919108199754,2.0,0.28637121707724733
17.55,0.4874418960941376,0.2811866238361976,2.0,0.29492320928782717
17.56,0.48493463889441385,0.2811116924846193,2.0,0.2797372073383424
17.57,0.4824297606898512,0.2810344037385445,2.0,0.29056314921057386
17.580000000000002,0.47992765702975704,0.28095476469175723,2.0,0.2970775472716437
17.59,0.4774287230253038,0.2808727828194035,2.0,0.29402192735524396
17.6,0.47493335328713876,0.28078846597678997,2.0,0.2971881112705039
17.61,0.47244194186307287,0.2807018223981235,2.0,0.28812309730884245
17.62,0.4699548821758485,0.28061286069519037,2.0,0.2813671970842063
17.63,0.46747256696102335,0.28052158985597586,2.0,0.2645019317370042
17.64,0.464995388204945,0.2804280192432249,2.0,0.2779673943619254
17.650000000000002,0.46252373708285477,0.2803321585929434,2.0,0.2718996926397815
17.66,0.46005800389711843,0.28023401801284037,2.0,0.3019434451878185
17.67,0.45759857801558906,0.2801336079807118,2.0,0.27837474985638844
17.68,0.4551458478101239,0.28003093934276596,2.0,0.28126298741061084
17.69,0.4527002005952547,0.27992602331189054,2.0,0.2854408770722952
17.7,0.45026202256702946,0.279818871465862,2.0,0.2802548959295865
17.71,0.4478316987420205,0.2797094957454973,2.0,0.2966600061498048
17.72,0.4454096128965357,0.27959790845274834,2.0,0.27337141483540384
17.73,0.44299614750600497,0.27948412224873936,2.0,0.2814301968011118
17.740000000000002,0.44059168368459267,0.2793681501517479,2.0,0.2719434442947674
17.75,0.438196601125011,0.27925000553512896,2.0,0.26604978042292193
17.76,0.43581127803855807,0.27912970212518373,2.0,0.2730120112161309
17.77,0.4334360910954028,0.2790072539989719,2.0,0.2786368860284878
17.78,0.4310714153650962,0.27888267558206936,2.0,0.2745896533368968
17.79,0.42871762425735027,0.2787559816462703,2.0,0.27183177184753177
17.8,0.4263750894630643,0.2786271873072351,2.0,0.26456401267051677
17.81,0.42404418089564044,0.2784963080220837,2.0,0.27766525229579675
17.82,0.4217252666325597,0.27836335958693514,2.0,0.2633161558466251
17.830000000000002,0.4194187128572672,0.27822835813439384,2.0,0.2858289177712899
17.84,0.4171248838013436,0.2780913201309823,2.0,0.27891571766032736
17.85,0.4148441416869854,0.2779522623745217,2.0,0.2633767473798724
17.86,0.41257684666981354,0.27781120199145964,2.0,0.274719111220961
17.87,0.4103233567819938,0.27766815643414655,2.0,0.27014659237824074
17.88,0.4080840278757028,0.27752314347806023,2.0,0.280714888582252
17.89,0.4058592135669334,0.27737618121897983,2.0,0.2907806856792113
17.900000000000002,0.4036492651796563,0.2772272880701088,2.0,0.2584755633736514
17.91,0.40145453169034184,0.27707648275914826,2.0,0.27822674355062244
17.92,0.3992753596728475,0.2769237843253203,2.0,0.27532245636965386
17.93,0.3971120932436991,0.2767692121163425,2.0,0.28348261288084714
17.94,0.39496507400774084,0.2766127857853535,2.0,0.27874475206773036
17.95,0.39283464100420074,0.2764545252877905,2.0,0.26893483197040235
17.96,0.3907211306531464,0.27629445087821913,2.0,0.27310391152155294
17.97,0.38862487670236273,0.27613258310711586,2.0,0.26817232453908096
17.98,0.3865462101746486,0.275968942817604,2.0,0.28672901420359
17.990000000000002,0.3844854593155465,0.27580355114214344,2.0,0.27601666762886284
18.0,0.3824429495415055,0.2756364294991747,2.0,0.2946483363567048
18.01,0.38041900338849594,0.2754675995897179,2.0,0.27486099145157167
18.02,0.3784139404610793,0.27529708339392694,2.0,0.2682130157248223
18.03,0.37642807738193307,0.2751249031676002,2.0,0.25998775924147194
18.04,0.37446172774185993,0.27495108143864694,2.0,0.2569196846760875
18.05,0.37251520205026223,0.2747756410035115,2.0,0.2589342815734566
18.06,0.37058880768611147,0.2745986049235547,2.0,0.27726987143366955
18.07,0.3686828488494086,0.2744199965213937,2.0,0.27950724675369304
18.080000000000002,0.3667976265131497,0.2742398393772003,2.0,0.258427932356879
18.09,0.3649334383757952,0.2740581573249591,2.0,0.2830085404657202
18.1,0.363090578814262,0.27387497444868497,2.0,0.26904436393185055
18.11,0.36126933883743934,0.27369031507860186,2.0,0.2751582451984574
18.12,0.35947000604023005,0.2735042037872821,2.0,0.2896264100698363
18.13,0.357692864558143,0.2733166653857477,2.0,0.28228505854440306
18.14,0.35593819502241875,0.27312772491953435,2.0,0.270442418440476
18.150000000000002,0.35420627451571746,0.2729374076647177,2.0,0.2640254854105648
18.16,0.3524973765283651,0.272745739123904,2.0,0.25122758511061094
18.17,0.3508117709151636,0.2725527450221845,2.0,0.2653612118297603
18.18,0.3491497238527793,0.2723584513030553,2.0,0.27024714891477836
18.19,0.3475114977977102,0.27216288412430195,2.0,0.2622910888527901
18.2,0.34589735144484246,0.2719660698538511,2.0,0.27065350018292805
18.21,0.3443075396865952,0.2717680350655882,2.0,0.2725365538951759
18.22,0.3427423135726767,0.27156880653514365,2.0,0.26932024671706284
18.23,0.34120192027043306,0.27136841123564603,2.0,0.2648683854274114
18.240000000000002,0.3396866030258245,0.27116687633344516,2.0,0.27285342305311244
18.25,0.3381966011250104,0.2709642291838041,2.0,0.2753836356794982
18.26,0.3367321498565632,0.2707604973265615,2.0,0.25985650655213305
18.27,0.3352934804743146,0.2705557084817649,2.0,0.2846650322792276
18.28,0.3338808201608372,0.2703498905452757,2.0,0.2693640092224331
18.29,0.33249439199157194,0.270143071584346,2.0,0.27033156781379447
18.3,0.33113441489959694,0.26993527983316884,2.0,0.27701742406573443
18.31,0.329801103641062,0.2697265436884021,2.0,0.2720587050010371
18.32,0.32849466876126965,0.26951689170466636,2.0,0.2790482580437988
18.330000000000002,0.32721531656143277,0.2693063525900183,2.0,0.2721775942420365
18.34,0.3259632490660951,0.2690949552013997,2.0,0.2629705814549953
18.35,0.32473866399122725,0.268882728540063,2.0,0.27249776379212404
18.36,0.3235417547130094,0.26866970174697413,2.0,0.2572324396737675
18.37,0.3223727102372912,0.2684559040981932,2.0,0.26954150115595843
18.38,0.32123171516974747,0.2682413650002341,2.0,0.2679090650937895
18.39,0.3201189496867257,0.2680261139854034,2.0,0.265944945412678
18.400000000000002,0.3190345895067958,0.2678101807071193,2.0,0.26652480559273
18.41,0.3179788058630009,0.2675935949352119,2.0,0.24877510448023551
18.42,0.3169517654758163,0.2673763865512045,2.0,0.2618891374737949
18.43,0.3159536305268261,0.2671585855435779,2.0,0.26808703455498906
18.44,0.31498455863310837,0.2669402220030176,2.0,0.2685387859229916
18.45,0.31404470282234975,0.26672132611764465,2.0,0.25644457470838505
18.46,0.3131342115086777,0.2665019281682317,2.0,0.2791590065768787
18.47,0.3122532284692253,0.2662820585234039,2.0,0.2576203100412589
18.48,0.31140189282142705,0.2660617476348263,2.0,0.2757563196400937
18.490000000000002,0.31058033900105114,0.2658410260323781,2.0,0.27011296965109494
18.5,0.3097886967409693,0.26561992431931436,2.0,0.2591576512208763
18.51,0.3090270910506713,0.2653984731674167,2.0,0.2831515820935118
18.52,0.30829564219652494,0.26517670331213256,2.0,0.2532403349945678
18.53,0.3075944656827828,0.2649546455477048,2.0,0.27414618728380485
18.54,0.30692367223334527,0.2647323307222922,2.0,0.274738153902722
18.55,0.3062833677742738,0.2645097897330809,2.0,0.2578035876423145
18.56,0.3056736534170653,0.26428705352138904,2.0,0.2782117065220323
18.57,0.3050946254426845,0.2640641530677633,2.0,0.2615636879217738
18.580000000000002,0.3045463752863613,0.2638411193870705,2.0,0.26672805567986907
18.59,0.3040289895231506,0.26361798352358273,2.0,0.26622120191129495
18.6,0.3035425498542622,0.2633947765460587,2.0,0.26205168913135324
18.61,0.303087133094159,0.26317152954282086,2.0,0.27127961227441866
18.62,0.30266281115842636,0.2629482736168294,2.0,0.27088316082235153
18.63,0.3022696510524172,0.26272503988075413,2.0,0.2452397201483723
18.64,0.3019077148606698,0.262501859452045,2.0,0.27554526188082656
18.650000000000002,0.30157705973710436,0.2622787634480016,2.0,0.24565384356764486
18.66,0.3012777378959983,0.2620557829808427,2.0,0.27238124502425926
18.67,0.30100979660373994,0.261832949152777,2.0,0.2731000005210528
18.68,0.3007732781713655,0.2616102930510752,2.0,0.25070062874892324
18.69,0.3005682199478772,0.2613878457431444,2.0,0.2572797028635985
18.7,0.3003946543143457,0.261165638271606,2.0,0.25010859158674664
18.71,0.3002526086787965,0.26094370164937714,2.0,0.2587944913464898
18.72,0.30014210547188214,0.2607220668547572,2.0,0.25764172401289975
18.73,0.30006316214334,0.26050076482651957,2.0,0.26829737014921295
18.740000000000002,0.30001579115923677,0.2602798264590099,2.0,0.27338291392020597
18.75,0.3,0.2600592825972511,2.0,0.27401612070515063
18.76,0.30001579115923677,0.2598391640320566,2.0,0.25421748376627357
18.77,0.30006316214333995,0.2596195014951517,2.0,0.2575272827577065
18.78,0.30014210547188214,0.25940032565430476,2.0,0.24256594373209525
18.79,0.30025260867879644,0.259181667108468,2.0,0.2511229664435061
18.8,0.30039465431434564,0.2589635563829299,2.0,0.26861207271390447
18.81,0.30056821994787714,0.2587460239244784,2.0,0.2749018521599607
18.82,0.30077327817136545,0.2585291000965773,2.0,0.24618561137777809
18.830000000000002,0.30100979660374,0.2583128151745555,2.0,0.2523881725830266
18.84,0.3012777378959982,0.25809719934081016,2.0,0.2578331417712209
18.85,0.30157705973710447,0.25788228268002455,2.0,0.26068389426822064
18.86,0.3019077148606697,0.2576680951744016,2.0,0.24957205997518514
18.87,0.30226965105241715,0.2574546666989135,2.0,0.2616952771435544
18.88,0.3026628111584263,0.25724202701656806,2.0,0.2525036335458589
18.89,0.3030871330941589,0.25703020577369334,2.0,0.25688568306491055
18.900000000000002,0.3035425498542624,0.25681923249524014,2.0,0.2622820749752771
18.91,0.3040289895231506,0.2566091365801039,2.0,0.2566733592782133
18.92,0.3045463752863614,0.25639994729646687,2.0,0.2520360883912012
18.93,0.30509462544268445,0.2561916937771603,2.0,0.25509559573790197
18.94,0.3056736534170652,0.25598440501504865,2.0,0.2551007754229953
18.95,0.30628336777427373,0.25577810985843563,2.0,0.25207799955961435
18.96,0.30692367223334516,0.255572837006493,2.0,0.252984876379822
18.97,0.3075944656827827,0.25536861500471336,2.0,0.27135508670976055
18.98,0.30829564219652483,0.2551654722403867,2.0,0.2607746667197991
18.990000000000002,0.3090270910506714,0.2549634369381025,2.0,0.25200863375781085
19.0,0.3097886967409692,0.2547625371552769,2.0,0.26173208120038427
19.01,0.31058033900105125,0.2545628007777073,2.0,0.2512246058801472
19.02,0.31140189282142694,0.25436425551515296,2.0,0.2660955018910194
19.03,0.3122532284692252,0.2541669288969441,2.0,0.25786335081892503
19.04,0.31313421150867754,0.25397084826761945,2.0,0.25289782682757717
19.05,0.31404470282234964,0.2537760407825929,2.0,0.2582532100406957
19.06,0.31498455863310826,0.25358253340385006,2.0,0.23787377188316508
19.07,0.315953630526826,0.25339035289567546,2.0,0.2421226782065774
19.080000000000002,0.3169517654758165,0.25319952582041094,2.0,0.2412602757564204
19.09,0.31797880586300076,0.25301007853424595,2.0,0.25443950948188304
19.1,0.31903458950679625,0.25282203718304047,2.0,0.2701471871778914
19.11,0.3201189496867256,0.2526354276981812,2.0,0.27494842916010753
19.12,0.32123171516974725,0.2524502757924716,2.0,0.25883078680687915
19.13,0.3223727102372911,0.2522666069560564,2.0,0.25727505170550097
19.14,0.3235417547130092,0.2520844464523816,2.0,0.2340738691108542
19.150000000000002,0.3247386639912274,0.2519038193141898,2.0,0.2464770813168496
19.16,0.325963249066095,0.25172475033955266,2.0,0.24384691282047027
19.17,0.32721531656143293,0.25154726408793965,2.0,0.24533878810542847
19.18,0.3284946687612694,0.2513713848763252,2.0,0.2496899466904773
19.19,0.32980110364106185,0.25119713677533384,2.0,0.24647623099836258
19.2,0.3311344148995967,0.25102454360542426,2.0,0.23123154550166639
19.21,0.3324943919915717,0.250853628933113,2.0,0.25833273149428837
19.22,0.33388082016083703,0.25068441606723835,2.0,0.2399569858098403
19.23,0.3352934804743144,0.2505169280552647,2.0,0.2529093966963762
19.240000000000002,0.3367321498565634,0.2503511876796285,2.0,0.2710920143771282
19.25,0.3381966011250106,0.2501872174541258,2.0,0.24099337153826159
19.26,0.33968660302582465,0.25002503962034256,2.0,0.22472216439287926
19.27,0.34120192027043283,0.2498646761441277,2.0,0.2470046339253266
19.28,0.3427423135726765,0.24970614871210986,2.0,0.26071574506209555
19.29,0.344307539686595,0.2495494787282583,2.0,0.26913295327046427
19.3,0.34589735144484224,0.2493946873104884,2.0,0.23709919136596422
19.31,0.34751149779770996,0.24924179528731225,2.0,0.25420878751967746
19.32,0.3491497238527791,0.24909082319453532,2.0,0.2444377186267348
19.330000000000002,0.3508117709151638,0.24894179127199903,2.0,0.24788230772895767
19.34,0.3524973765283649,0.24879471946037018,2.0,0.27523815293054055
19.35,0.35420627451571773,0.2486496273979778,2.0,0.23361992411402627
19.36,0.3559381950224185,0.24850653441769757,2.0,0.25104393103264333
19.37,0.35769286455814275,0.2483654595438846,2.0,0.25304239126153893
19.38,0.35947000604022983,0.24822642148935495,2.0,0.2590842847387484
19.39,0.36126933883743906,0.24808943865241648,2.0,0.24906927018712544
19.400000000000002,0.36309057881426277,0.24795452911394908,2.0,0.2510350345089901
19.41,0.36493343837579495,0.24782171063453545,2.0,0.24390522496031755
19.42,0.36679762651314995,0.24769100065164218,2.0,0.25038227006409325
19.43,0.3686828488494083,0.24756241627685205,2.0,0.24413049352187793
19.44,0.37058880768611113,0.24743597429314776,2.0,0.25365169319170827
19.45,0.37251520205026195,0.24731169115224758,2.0,0.24361558779181125
19.46,0.3744617277418597,0.24718958297199334,2.0,0.2509605869110152
19.47,0.3764280773819328,0.2470696655337912,2.0,0.24677703739694143
19.48,0.378413940461079,0.24695195428010555,2.0,0.2582124567878272
19.490000000000002,0.3804190033884962,0.24683646431200643,2.0,0.24632252707612157
19.5,0.3824429495415052,0.24672321038677092,2.0,0.2289928857047021
19.51,0.3844854593155468,0.2466122069155389,2.0,0.2592314219226788
19.52,0.3865462101746483,0.24650346796102338,2.0,0.2374461449523972
19.53,0.38862487670236245,0.24639700723527597,2.0,0.23985934384878776
19.54,0.39072113065314606,0.24629283809750777,2.0,0.24033622515707284
19.55,0.39283464100420046,0.2461909735519659,2.0,0.25993535448367405
19.56,0.3949650740077405,0.24609142624586616,2.0,0.22473468410607922
19.57,0.39711209324369884,0.24599420846738218,2.0,0.27737169380398213
19.580000000000002,0.39927535967284783,0.2458993321436911,2.0,0.2564599002343516
19.59,0.4014545316903415,0.24580680883907657,2.0,0.24803919798036816
19.6,0.40364926517965727,0.24571664975308877,2.0,0.2451677097469259
19.61,0.40585921356693305,0.24562886571876225,2.0,0.24848440646733883
19.62,0.40808402787570247,0.24554346720089165,2.0,0.25075469148468504
19.63,0.41032335678199344,0.24546046429436558,2.0,0.2519126201538662
19.64,0.4125768466698132,0.24537986672255885,2.0,0.25093591138259336
19.650000000000002,0.41484414168698575,0.24530168383578355,2.0,0.24619749064833604
19.66,0.41712488380134327,0.24522592460979897,2.0,0.24325254040672573
19.67,0.41941871285726745,0.24515259764438072,2.0,0.2436398648078456
19.68,0.4217252666325594,0.2450817111619492,2.0,0.2431326283584224
19.69,0.4240441808956401,0.24501327300625786,2.0,0.2563509739749285
19.7,0.42637508946306396,0.24494729064114099,2.0,0.2508828578639496
19.71,0.42871762425734994,0.24488377114932178,2.0,0.215479884802679
19.72,0.43107141536509586,0.2448227212312805,2.0,0.2513817289965781
19.73,0.43343609109540243,0.24476414720418302,2.0,0.24671150915137077
19.740000000000002,0.4358112780385584,0.24470805500087006,2.0,0.24452096743641108
19.75,0.43819660112500997,0.24465445016890688,2.0,0.24076926563801804
19.76,0.440591683684593,0.24460333786969407,2.0,0.2558444650695542
19.77,0.44299614750600463,0.24455472287763927,2.0,0.25402998749886785
19.78,0.44540961289653536,0.24450860957939,2.0,0.2367798329011539
19.79,0.44783169874202017,0.24446500197312776,2.0,0.2485355248443731
19.8,0.45026202256702913,0.24442390366792352,2.0,0.23470733632251067
19.81,0.4527002005952543,0.2443853178831547,2.0,0.2305891362352654
19.82,0.45514584781012357,0.24434924744798364,2.0,0.238082075202084
19.830000000000002,0.4575985780155894,0.2443156948008978,2.0,0.2529396295247254
19.84,0.46005800389711804,0.2442846619893116,2.0,0.25381591244307244
19.85,0.4625237370828551,0.2442561506692301,2.0,0.24938700487020302
19.86,0.4649953882049447,0.2442301621049745,2.0,0.25148111997345446
19.87,0.467472566961023,0.2442066971689695,2.0,0.24936848004011908
19.88,0.46995488217584813,0.2441857563415926,2.0,0.23777094038936306
19.89,0.4724419418630725,0.24416733971108526,2.0,0.24848656515782466
19.900000000000002,0.4749333532871398,0.24415144697352617,2.0,0.252155542225803
19.91,0.4774287230253035,0.24413807743286625,2.0,0.251680990731002
19.92,0.47992765702975737,0.24412723000102582,2.0,0.25601636371577224
19.93,0.48242976068985083,0.24411890319805352,2.0,0.25120194167006415
19.94,0.48493463889441346,0.24411309515234725,2.0,0.24762757722776307
19.95,0.4874418960941372,0.24410980360093698,2.0,0.25481130598410123
19.96,0.4899511363640458,0.24410902588982925,2.0,0.24384381329733865
19.97,0.4924619634660127,0.24411075897441364,2.0,0.23529201246213646
19.98,0.4949739809113326,0.24411499941993084,2.0,0.2424843297804932
19.990000000000002,0.49748679202332946,0.24412174340200232,2.0,0.23667271695393782
20.0,0.4999999999999998,0.24413098670722164,2.0,0.23737920395747783
20.01,0.5025132079766709,0.2441427247338072,2.0,0.242697538026652
